lsdsat,ldoff,technology,type_row
1.212675079126734,84.28642064339193,NMOS,Control
2.1549793415852516,147.31985353734274,PMOS,Control
1.9501078771261384,105.9106570583485,NMOS,Control
1.112449021473104,91.41386084087702,PMOS,Control
1.5136411778145678,102.13994256633917,PMOS,Control
1.13957633535089,97.33517284197481,PMOS,Control
0.7600763176022578,38.64135167051978,PMOS,Control
0.7982074338320592,56.44938546617706,PMOS,Control
1.085395393829457,55.79164820861758,NMOS,Control
1.7148627702211594,109.82233034874707,NMOS,Control
1.7493832174252995,145.63630265003343,PMOS,Control
1.0818530223133385,82.13612023268715,PMOS,Control
0.9722636689714296,72.11993650348282,PMOS,Control
2.1643879881803585,145.50194312439754,PMOS,Control
0.8827020005893589,53.839016782875305,NMOS,Control
0.6272959495892773,45.079283154896885,PMOS,Control
1.1808762797141017,59.0109917097653,PMOS,Control
1.5970543041956429,120.71364104059674,NMOS,Control
1.7280262333075216,95.55765898245642,PMOS,Control
1.851669240461732,125.26289635396127,PMOS,Control
0.9197058100050803,60.658880399241426,NMOS,Control
2.154181390761905,105.60321520857295,NMOS,Control
2.0410132580629763,153.91127805124802,NMOS,Control
1.450696615474313,116.02010616223417,NMOS,Control
1.4045384772487863,72.6262646498215,PMOS,Control
0.7214835827085345,58.95435242470458,PMOS,Control
2.132011788620366,116.89983692586205,PMOS,Control
1.3975699428386217,95.48246919914098,NMOS,Control
1.8689015403080385,119.03660194011154,NMOS,Control
1.5160879997804895,114.56773870768849,PMOS,Control
1.7857463910029843,110.88615925639047,PMOS,Control
1.6193294014946007,125.18665968002124,NMOS,Control
1.9480761898362347,91.75203091768927,PMOS,Control
1.5294145592864816,131.88411332395856,PMOS,Control
0.7106980578965262,58.72836120415994,NMOS,Control
2.1751543806548583,117.33559203076491,NMOS,Control
1.368101819112534,76.6143566358206,NMOS,Control
0.9251570415804421,44.82800072307447,PMOS,Control
1.611489262372566,130.40980582245092,PMOS,Control
1.45181496395644,127.52622763503993,PMOS,Control
2.030439642558219,132.43418091292202,NMOS,Control
1.995520702237401,145.60433549384175,NMOS,Control
1.9078289465146128,141.68389070878814,NMOS,Control
1.7469441308868525,96.06249583400776,NMOS,Control
1.520420464813978,100.33779965497536,NMOS,Control
0.6897982641940963,61.11488323629111,NMOS,Control
1.3596200842084976,74.73399814357933,NMOS,Control
2.056172588991903,128.7988642608901,PMOS,Control
0.74043188696762,71.24380883169559,PMOS,Control
2.0269132962893637,124.29971606523208,PMOS,Control
1.999609594415591,113.78958023070122,NMOS,Control
1.5204626760411424,120.28839912218041,NMOS,Control
1.1031102332630123,74.47300024360537,NMOS,Control
1.1102883253496132,96.31768618804006,NMOS,Control
1.9005414382803263,115.07213770482538,PMOS,Control
0.8547507623454125,87.56961969980418,PMOS,Control
1.7608435683133639,114.4115635657711,PMOS,Control
0.724181028862201,53.28056279490032,PMOS,Control
1.1713875598812424,107.1025935243917,PMOS,Control
1.9014199164759176,141.10871178314596,NMOS,Control
0.8315303148024309,92.59832847387969,NMOS,Control
1.1551406092321956,99.57912991616578,NMOS,Control
1.634870864362501,106.18787908102311,NMOS,Control
0.633186784667175,26.673194572230692,NMOS,Control
0.886264168795523,72.77684519871693,NMOS,Control
1.9240288967789403,121.32538500375718,NMOS,Control
0.6021995220354751,73.70103170018376,NMOS,Control
0.8283842169667415,45.3174023420862,PMOS,Control
0.9204883595587653,44.35353870030695,NMOS,Control
1.6281086064609318,100.72837134010814,PMOS,Control
1.0020561270047825,86.6930697095712,NMOS,Control
2.1797722519635396,147.36845067946834,NMOS,Control
1.7208362828992407,98.44264204810277,NMOS,Control
1.2788701506496678,111.5762374817512,PMOS,Control
1.7566086112194048,122.02220886162715,PMOS,Control
1.710175292832881,137.93015450291517,NMOS,Control
0.740879759775992,52.89738274227551,PMOS,Control
1.7669010400688618,132.41395517945406,NMOS,Control
1.6428513867186938,132.84366683402203,NMOS,Control
1.9566891946105303,127.98984089921935,NMOS,Control
1.832461182258315,121.4913423683197,PMOS,Control
0.7874098058431936,53.50563238193736,NMOS,Control
0.7085054455509132,47.12762529306695,PMOS,Control
2.0250512299200154,143.75293964190817,NMOS,Control
1.3833970436586909,91.64851523979624,PMOS,Control
2.147316951327949,130.0513644916871,NMOS,Control
1.5264833734987928,89.37062880517192,PMOS,Control
2.0116249233072403,139.75870341991168,PMOS,Control
0.6447930625588087,68.92793647849243,NMOS,Control
1.980324859585025,122.48271998619758,NMOS,Control
1.5396807153762628,84.64697989272852,NMOS,Control
0.9214403551993684,55.04235742542454,NMOS,Control
1.9763258818956482,134.23628268897758,NMOS,Control
0.9094859850165997,61.05039619497454,NMOS,Control
1.9539382450274965,116.36438625546411,PMOS,Control
0.7118070323188623,42.78315825118062,PMOS,Control
1.028730141250465,101.36482659057928,PMOS,Control
0.8864369306224804,71.54377654532664,PMOS,Control
0.9324565256499187,105.89264494824192,PMOS,Control
1.5604417643831812,121.57180540189941,NMOS,Control
0.6687203919132104,68.73096371665565,PMOS,Control
0.6771897003707918,64.58995910421453,PMOS,Control
2.0493478223053176,110.20823824772218,NMOS,Control
1.2427243116805848,94.51427680824816,PMOS,Control
1.7244926928839495,97.18850577095469,NMOS,Control
1.5447085020172768,100.98063942211564,PMOS,Control
1.1333247778380746,94.97171300909821,PMOS,Control
1.7195834785758355,132.52454511679528,NMOS,Control
1.653416427134896,133.36362565182452,NMOS,Control
0.7938161455488872,47.306322174876264,NMOS,Control
1.969246665766605,144.03207358468836,NMOS,Control
1.5374354929506442,131.48554623396677,PMOS,Control
1.4194874658886802,72.5025243432406,PMOS,Control
1.0445905719068667,67.16484074924396,PMOS,Control
0.6641062762792275,85.89975340580807,NMOS,Control
1.4283979083350054,79.84318460883806,PMOS,Control
1.176084375041186,78.72895343143686,NMOS,Control
1.0575303334377841,91.85965295481867,NMOS,Control
0.851717137071893,87.91796970800634,PMOS,Control
1.4628771792188164,73.9873804146693,PMOS,Control
0.7286084269318355,47.391644312574975,NMOS,Control
0.9721792560880779,63.89467910152612,PMOS,Control
0.8198895406378879,93.67259614338857,NMOS,Control
0.9578005667438427,97.93675417182925,NMOS,Control
1.652080808422741,92.74173612210878,NMOS,Control
1.9906150236558244,106.98357961418945,PMOS,Control
1.4763991630089377,86.70262686172099,PMOS,Control
1.5460766223617997,108.88881874261224,PMOS,Control
0.6765024018588196,89.78282233651888,PMOS,Control
1.5535950677352899,97.35130713073596,PMOS,Control
1.7007587947149299,110.10043384647372,PMOS,Control
1.991857081338729,145.53966255346887,NMOS,Control
1.2813997116435805,82.59762099840552,PMOS,Control
1.9114122780958387,105.10064459247596,PMOS,Control
1.7217251357800394,119.70431576895373,PMOS,Control
0.7740734213281067,41.816946597591595,NMOS,Control
1.5231134677977907,131.55518437550734,NMOS,Control
0.6638832991019175,88.00220373741172,PMOS,Control
1.233064140893803,104.05965744846141,PMOS,Control
1.668187726499335,117.52458675642387,NMOS,Control
1.9737003093521888,117.04944370118277,PMOS,Control
1.916057798661456,158.3807717453494,NMOS,Control
2.0764318404031883,146.8734941331183,PMOS,Control
0.8143605760140252,67.43889413715713,PMOS,Control
1.5118461289885454,103.24670302897451,PMOS,Control
1.7603251186969406,134.18733640060321,NMOS,Control
1.6920499607368722,99.27673699636111,NMOS,Control
1.6965250879073008,85.08873613989111,PMOS,Control
1.589138843909191,106.98379582281007,NMOS,Control
1.6506581201317028,101.51974644445427,PMOS,Control
0.654805764807539,59.69645826604115,PMOS,Control
1.4074334666846404,100.41439817954998,PMOS,Control
0.7353583741101929,70.4357205197706,NMOS,Control
2.0663405403836017,154.36642473896976,NMOS,Control
1.3193130328225957,82.02768864241716,PMOS,Control
0.8841800598903222,87.87071566040945,PMOS,Control
2.001270606723855,140.97346890662777,PMOS,Control
0.7521989161523956,60.28957787765068,PMOS,Control
0.6663088396011811,69.52930453412688,PMOS,Control
1.7969546311648767,145.60577529474813,NMOS,Control
0.6426128664217001,53.55627416051272,PMOS,Control
1.1719625311494495,86.00746505984661,NMOS,Control
1.3902284076938245,92.65290328679743,PMOS,Control
1.4440235502335241,90.38802635962041,PMOS,Control
1.5824801749118933,132.23423358297748,NMOS,Control
2.09394661440008,125.39960170450283,NMOS,Control
1.238674085117597,86.5574056016613,NMOS,Control
2.1399248430301894,136.57126438366677,PMOS,Control
1.3883278058408464,114.0652854499284,PMOS,Control
1.8141760060531644,95.5231877279969,PMOS,Control
1.073251262456274,55.24871135833466,PMOS,Control
0.8296944871124653,52.779955797847045,NMOS,Control
1.5100877872972918,87.79047294635237,NMOS,Control
1.097438325138801,97.48606851457197,NMOS,Control
1.6502859692265623,108.82636734453573,PMOS,Control
1.8228690233223444,109.87249591830167,NMOS,Control
1.4249310708357772,87.62988830762066,NMOS,Control
2.1223693279567892,146.01411994389068,NMOS,Control
1.303729453858137,103.84606693157866,PMOS,Control
2.1623207090447756,153.03399692982362,PMOS,Control
1.6557075791809308,143.1179049020924,PMOS,Control
1.8987586417926083,113.30581115633069,PMOS,Control
1.8130066941251837,146.2698274296054,PMOS,Control
0.7011289540176395,50.77455497135885,PMOS,Control
1.6492795430743863,118.33470605033875,NMOS,Control
1.8787236860886343,113.5943794100098,PMOS,Control
1.0098305202891358,109.70156515678336,PMOS,Control
0.6187216891990436,84.65287757532587,NMOS,Control
1.0612573131554048,67.74445520487254,PMOS,Control
1.6795241454930676,92.25042275993232,NMOS,Control
0.6100030250746392,68.28884261451398,PMOS,Control
0.7371056434327784,69.015186502559,PMOS,Control
1.7776023212858574,112.09598354688822,PMOS,Control
0.9681356622745447,59.90830242564297,NMOS,Control
0.715261414421383,76.00954731328196,PMOS,Control
2.0506427302057544,141.22539197261838,PMOS,Control
1.0069058011347805,88.29514236424171,PMOS,Control
1.8600523667170341,123.53210516803027,NMOS,Control
1.1205563252154156,68.25079082756271,NMOS,Control
1.9725306461622316,124.75805988521725,NMOS,Control
1.2408079406284185,70.16851128687901,NMOS,Control
1.480423669242572,101.7211581376263,PMOS,Control
0.6981861064231287,77.50579503086323,NMOS,Control
1.145658119741944,98.30450276155108,NMOS,Control
1.7917622243851232,118.02371895799865,PMOS,Control
0.7493119828548291,94.78576188431938,NMOS,Control
1.696075205696797,114.64585949875026,PMOS,Control
0.6299835505185457,56.021753721384,PMOS,Control
2.0312340736695105,113.98102304882862,PMOS,Control
1.3147651330045167,102.67020629118518,NMOS,Control
1.2106853909533135,77.82352514262296,PMOS,Control
1.031038766499542,79.22150383488248,PMOS,Control
1.802000615842657,105.57197064827118,NMOS,Control
1.6130627239805881,102.91533248608091,NMOS,Control
0.7456933584067789,57.92737611638607,NMOS,Control
0.7838624823445445,61.15601425138581,NMOS,Control
0.7226213752069901,51.76914274732245,PMOS,Control
0.7821557767555672,73.81797604159301,PMOS,Control
0.8794090969491302,66.3979981178005,PMOS,Control
1.9616147597491618,120.62448839730666,PMOS,Control
1.4858267138755052,130.08044128952898,NMOS,Control
0.9379491836851794,81.82425964759764,NMOS,Control
1.2092083421013737,96.95866904762784,NMOS,Control
1.5605520353625821,92.2881166725168,PMOS,Control
1.3179661547373922,99.66259254882884,PMOS,Control
1.9948145721931594,141.7529364556902,PMOS,Control
1.0487531954981244,72.1054493840469,PMOS,Control
0.9305538977973928,63.39607490972884,NMOS,Control
1.15492604113073,65.70092113148254,PMOS,Control
1.176704677916665,90.7017272246699,PMOS,Control
0.8362692064838066,71.18439737025933,PMOS,Control
1.717638870826106,95.13211898255646,NMOS,Control
0.9712357308030846,98.69677191269986,PMOS,Control
1.3930116733480893,66.52123330292987,PMOS,Control
1.0349073622414673,90.3951295389817,NMOS,Control
1.0238917419306846,92.10928925969718,NMOS,Control
1.0490964941202647,86.10784650573993,PMOS,Control
1.471993023251659,108.53578350096927,NMOS,Control
1.575954934233601,133.19261327369833,PMOS,Control
1.9536245369300862,113.44655254184313,NMOS,Control
1.984071835156445,145.19490302586792,PMOS,Control
2.0219739599538435,153.78291598225118,PMOS,Control
0.8408096613922265,76.11973545979778,PMOS,Control
1.169110893627725,80.99900958030204,PMOS,Control
2.0739661987225584,137.99694983711373,NMOS,Control
0.7588040121697979,90.38484277537798,PMOS,Control
0.8656693109729534,84.51460114307588,PMOS,Control
1.6052934412372806,121.50717785428903,PMOS,Control
1.0175035472784724,91.81974903170666,NMOS,Control
1.201928880917397,96.12550812600165,PMOS,Control
0.8137233645459908,48.8621879568129,NMOS,Control
0.769486643833335,58.021247859941056,NMOS,Control
1.1951636950716722,114.5026192191213,NMOS,Control
0.8344243346884548,67.15680231570728,NMOS,Control
0.9845789868316566,100.01318631070231,NMOS,Control
0.9292669301872213,53.91076781433311,NMOS,Control
1.3500234757630603,65.15969437006675,PMOS,Control
2.093571552818065,123.25820927426047,NMOS,Control
1.387185668719237,109.22790020014233,PMOS,Control
1.1476152004217122,93.14671866930655,PMOS,Control
2.1352432966903696,140.29614960440233,NMOS,Control
1.307870919185697,84.13155887075155,PMOS,Control
0.6157772528021731,39.50665040011131,NMOS,Control
1.147789091365898,68.6605098828377,PMOS,Control
2.061126243050055,114.37182706800026,NMOS,Control
1.8207311787908362,135.82534122428106,NMOS,Control
2.112520129988139,154.05969323449267,PMOS,Control
0.8323624364898224,79.5541107056269,NMOS,Control
0.9923640801919842,82.62772872420756,NMOS,Control
1.5468077635342106,106.46004182316011,PMOS,Control
0.8117307319125174,66.23703768724029,PMOS,Control
1.0141294649491317,84.70767699096251,PMOS,Control
0.6275399757581267,45.66026617040416,NMOS,Control
0.807174271347791,61.88578809204982,PMOS,Control
0.8464630535746,73.42752941576876,NMOS,Control
1.3710834046065346,109.46116327474178,PMOS,Control
1.1570564449065857,66.70207890451455,PMOS,Control
1.5824282961466243,99.76002208367507,NMOS,Control
2.15163217083793,142.06708351605354,PMOS,Control
1.3710159532792274,92.07083452633972,PMOS,Control
2.070184334114311,150.0510864432879,PMOS,Control
1.47936429315135,91.25606397172774,PMOS,Control
0.8797377880478532,62.065493063217005,PMOS,Control
1.815995903329381,94.09204078248922,PMOS,Control
1.6502463152854143,97.67155054643777,NMOS,Control
2.164742220436161,111.31835353284941,PMOS,Control
0.9795745756523037,98.90433445759253,PMOS,Control
2.0516033913808642,153.77605832537432,PMOS,Control
0.6939912771466663,82.7543002100098,NMOS,Control
0.9349025372448596,74.91740586436134,PMOS,Control
1.9027028048718506,139.21333824865582,PMOS,Control
0.7623439710232436,59.90299353730326,PMOS,Control
1.551114963892927,74.37245026313241,PMOS,Control
1.062264571946396,92.18890630954093,PMOS,Control
1.5600028308865945,91.36540372979415,NMOS,Control
0.7992003171082873,82.56544582151875,PMOS,Control
2.082590619717806,157.24219551739094,NMOS,Control
1.7957020435120303,115.89608767557289,NMOS,Control
1.7511062634604095,120.45971518559121,PMOS,Control
1.797671801925718,88.62281534647806,PMOS,Control
0.7335607450055907,58.90467937577901,NMOS,Control
0.9175666555041178,62.57570286995707,PMOS,Control
2.0399826025558725,112.21812478445123,NMOS,Control
1.531871257195203,111.55054046005452,PMOS,Control
1.29336042239782,119.21680243939579,PMOS,Control
0.8380351431443296,51.09682512870073,PMOS,Control
0.7516987283886769,63.6552968314762,PMOS,Control
1.868768686035084,127.57627523730234,PMOS,Control
1.3217657109232142,63.4459621448144,PMOS,Control
1.6784871826532242,106.8076693683905,NMOS,Control
1.5603699730496103,105.57344075253286,NMOS,Control
1.30101210145674,83.94394917648614,NMOS,Control
0.6535251095779783,37.80248097171438,NMOS,Control
1.3214546948672734,63.79907831213564,NMOS,Control
1.4833338027046443,81.24491143212795,PMOS,Control
2.076761264654119,152.53661714130587,PMOS,Control
1.4743674916987008,80.19774887102014,PMOS,Control
1.1773463016598837,60.68376055111901,PMOS,Control
1.068516363871362,79.32182966090423,NMOS,Control
2.0482307191965505,115.46662182262995,NMOS,Control
1.371227665799624,82.2107925116319,NMOS,Control
1.5375898181220196,78.84604696357368,PMOS,Control
1.9325781843382006,148.1032521399491,PMOS,Control
1.416516838440696,94.4171291844732,NMOS,Control
0.9917239069385448,69.99439207866399,NMOS,Control
0.6730546657158581,33.722560116720146,NMOS,Control
1.9286982302834894,148.45221938028973,NMOS,Control
0.8133816400892269,55.08995315789363,NMOS,Control
1.2101450002521539,63.13324149757351,PMOS,Control
1.5089044405882286,101.65984906973773,NMOS,Control
1.2363003987168701,108.45709898528,PMOS,Control
1.1426203569331885,102.51692786331873,NMOS,Control
1.5663020207687568,105.68960923066953,PMOS,Control
1.9984925504984186,148.25610986910695,NMOS,Control
1.9296862979539702,150.283144646192,NMOS,Control
1.083499752153749,98.3276376351258,PMOS,Control
2.082247475506384,124.30856500466732,NMOS,Control
2.169361822418565,127.64802958766823,PMOS,Control
1.9725792544223912,122.99983666681857,NMOS,Control
1.3155118659094198,93.06566004593435,PMOS,Control
1.6911352886158024,130.51422189411977,PMOS,Control
0.6270420174853469,54.405965255343105,NMOS,Control
0.9436967912038341,90.978634254174,PMOS,Control
1.5060336125194418,110.42820214497507,NMOS,Control
1.3880447265320388,90.32190326537979,PMOS,Control
1.4687899694634794,129.98056147073783,NMOS,Control
1.7696211320594273,147.42004457205573,NMOS,Control
1.1270852768384292,101.70714466954297,NMOS,Control
1.3360337770031183,75.35845887126663,PMOS,Control
1.1637938476820637,76.1716831919219,NMOS,Control
1.2708847679631363,115.03098649345554,NMOS,Control
1.1204179928310285,54.18888947022678,PMOS,Control
1.8504700060069985,123.02336194359928,PMOS,Control
1.6606469232119334,104.80300861431895,PMOS,Control
1.9358423855331828,122.09268689983931,NMOS,Control
0.9953497832447276,48.76300596640946,NMOS,Control
0.9950990687986488,73.95052266237083,NMOS,Control
1.1266279535813701,92.92242617860049,PMOS,Control
1.9512147060655098,133.7285318641772,PMOS,Control
1.4559484615590925,106.57965738959547,NMOS,Control
1.6439159099939218,85.5214481285517,PMOS,Control
1.7734099266016274,110.63845340224641,PMOS,Control
2.105665152774641,119.00115971378067,PMOS,Control
0.6667477414268166,37.60017644505065,PMOS,Control
1.7622774213397174,114.41510149441757,PMOS,Control
0.913234134014172,89.23912155661961,PMOS,Control
2.068950846269564,140.24978840540695,PMOS,Control
1.67174494824335,125.846439699743,PMOS,Control
0.7823353784467789,46.374126888817756,NMOS,Control
1.1849865079386117,57.360374736634625,NMOS,Control
1.7132055145381937,96.61223919322049,PMOS,Control
1.4052573140564433,101.91190004974212,NMOS,Control
1.9099505567855326,105.62194806651934,NMOS,Control
1.9712833271981673,119.22504783082184,NMOS,Control
0.6927114926639597,68.50330494334975,PMOS,Control
2.0473828542390593,141.7417113051768,PMOS,Control
0.9454809776334466,98.61455748740477,NMOS,Control
1.6446352188625952,85.08761031059734,PMOS,Control
0.8356065684342019,80.26519433752304,PMOS,Control
1.7302073440524142,100.06162490304473,PMOS,Control
0.8020488667306486,83.45535914514365,PMOS,Control
1.9811724302069558,115.17790567381314,PMOS,Control
1.7099066422996128,120.01012200776016,PMOS,Control
1.2451743643140145,69.478299212547,NMOS,Control
0.8946096298610273,87.14105602885857,NMOS,Control
2.0467658474139667,150.83392501375377,PMOS,Control
1.5591115846742167,105.22351514332004,PMOS,Control
1.1051920751582434,77.89434587475577,PMOS,Control
0.834372582260143,78.81973208386619,PMOS,Control
1.4594543814962058,102.55753597268833,PMOS,Control
1.6954593898088008,124.66025692250938,PMOS,Control
2.080049935129988,151.01905465822398,NMOS,Control
0.8473786037758432,75.27521185236252,PMOS,Control
1.7687254052767898,94.30055057330893,NMOS,Control
1.8496994788860097,118.14840599329666,PMOS,Control
1.5443424896490163,123.6323595824324,PMOS,Control
1.592876077333905,112.27361231317812,PMOS,Control
2.086034710245667,108.37888883459975,NMOS,Control
0.6725878637132646,61.76891703545145,PMOS,Control
0.7602324503801619,85.66740993621357,NMOS,Control
0.6285988793308721,77.78352953460904,NMOS,Control
0.8183614872994731,48.069257524362115,PMOS,Control
1.8582702768994666,137.50806663370133,NMOS,Control
2.0955916299287822,118.90237475708736,PMOS,Control
1.3498983060345306,81.70924630241308,PMOS,Control
1.6996361640610749,108.20995020433843,PMOS,Control
1.2867226771335134,94.37601142593425,NMOS,Control
1.0823164836035717,85.1109374286151,NMOS,Control
0.7799407218942213,82.27006923482855,PMOS,Control
1.1494880687206348,62.957339200514724,PMOS,Control
1.4308199134939985,105.25172019093391,PMOS,Control
0.9514628601559604,69.3351496909297,NMOS,Control
1.4738710841794975,74.75649033004426,PMOS,Control
1.496047931910818,92.43214723526712,PMOS,Control
1.0289157018786117,56.68067392496741,PMOS,Control
2.1482339558846677,112.52824626411646,NMOS,Control
1.279412428654963,100.32582890349832,NMOS,Control
1.5499541749134977,92.82983623157622,NMOS,Control
2.193380342975493,146.3001039407908,PMOS,Control
0.6211980414162095,32.6783476708832,PMOS,Control
1.5637734026250742,111.6416756463476,PMOS,Control
1.9461127536336673,91.9105882435941,PMOS,Control
0.6569755220906393,59.35360332737719,PMOS,Control
1.4882062985392217,118.74547986925592,NMOS,Control
1.9797043417392879,157.69171788549127,PMOS,Control
1.677242618783179,113.64817602100666,NMOS,Control
2.058912675157886,121.63169190854524,NMOS,Control
1.6944720247775047,106.61508413844086,PMOS,Control
1.431478864373773,112.86445349087364,NMOS,Control
1.074825060861748,49.07961777622209,NMOS,Control
1.3543029934102253,103.8718164073619,PMOS,Control
1.2823945769262919,81.61337004266468,PMOS,Control
1.2069415146062412,118.00980197004569,NMOS,Control
1.5562998101622987,112.19667491831531,PMOS,Control
1.9995223331056922,158.55894062189265,NMOS,Control
2.093735095436244,129.98773867467162,PMOS,Control
1.4744314542177483,81.78918127926676,PMOS,Control
1.0972643146401388,86.03738223582911,PMOS,Control
2.196892616451518,155.61860507794214,NMOS,Control
1.691263910667728,117.35934048954647,NMOS,Control
1.623433243272689,117.53518966045363,PMOS,Control
1.820296256448494,122.0195245676245,PMOS,Control
1.0344975983851832,65.47618048649964,PMOS,Control
1.1912128829615545,51.347038807886044,PMOS,Control
1.5783973125712025,96.47742835998575,NMOS,Control
1.3759084376046762,84.7064989223294,NMOS,Control
1.7963508951491591,125.21428289410174,NMOS,Control
1.8971364475775032,141.82098605020096,NMOS,Control
0.762373063408161,46.56961725894732,NMOS,Control
0.990851224767221,82.80989268280499,PMOS,Control
0.6812055171901485,46.21342400671229,NMOS,Control
0.8156279756616376,32.89288593992446,PMOS,Control
1.0891211326996735,66.5287772721045,PMOS,Control
1.2454167188180878,79.36844979481518,PMOS,Control
1.7223748256663192,113.04264639552889,NMOS,Control
1.7223779867625169,97.9377904700513,PMOS,Control
1.3236010316616458,111.9672109150364,NMOS,Control
1.169839408708225,73.73321210804986,PMOS,Control
1.7476865549479328,127.51244253127433,NMOS,Control
1.1085662069067008,86.06936386008077,NMOS,Control
1.4969812536191678,91.44398198706861,NMOS,Control
1.1504420732767007,71.77239115422772,NMOS,Control
0.9262747194040895,50.19196838469288,NMOS,Control
1.6071445917289626,92.07181723038994,PMOS,Control
1.5443758791598574,105.12623911564643,PMOS,Control
1.8151046763206518,103.21566663559689,NMOS,Control
1.7234889891084464,115.04635520750645,NMOS,Control
1.1833301456600502,94.95879116356784,NMOS,Control
0.7465388216058052,94.99063272352731,PMOS,Control
1.836881885210369,123.39096946753,NMOS,Control
1.2986253923990703,128.2065006757265,PMOS,Control
2.1069545904598255,133.81565872438816,PMOS,Control
0.6166153612485062,68.60319183663029,PMOS,Control
0.873033115484237,79.14523008932841,NMOS,Control
1.7634375307981864,90.6795080233764,NMOS,Control
1.8461161086051572,130.99241471524476,PMOS,Control
0.7652575107135338,42.81745159249424,PMOS,Control
1.2252995449267918,66.14607181539216,NMOS,Control
1.1332871735024814,111.64228122816482,PMOS,Control
1.3826880096597112,89.90156064720898,NMOS,Control
2.127474915505113,127.99021374187006,NMOS,Control
1.8468528171697232,124.13233199288234,PMOS,Control
2.1807458493837144,113.5739197895263,NMOS,Control
1.005438996076678,73.77675989595639,NMOS,Control
1.9179504338005415,146.4593596808078,NMOS,Control
2.039121950604258,111.51528621201996,NMOS,Control
1.8627051444251026,112.19248168281392,NMOS,Control
1.7874207602945913,104.27321386866058,PMOS,Control
1.787894586785899,128.9492994555006,NMOS,Control
2.10139936687834,142.84951491739497,NMOS,Control
2.174541490938188,142.5273919710752,NMOS,Control
1.1796091432187592,83.56220770286701,NMOS,Control
0.89096631799184,93.5040699435958,PMOS,Control
1.4463300308703684,114.72984221460612,PMOS,Control
1.5989397329218966,76.95112029543155,PMOS,Control
1.7724447493001336,116.19519951126188,NMOS,Control
1.1728043186930965,75.12381076445284,PMOS,Control
1.6020296868205475,80.84348061539028,PMOS,Control
0.7599874059438008,72.40937318031867,PMOS,Control
1.5416545921620548,76.916085642101,NMOS,Control
2.18849676069023,64.38414795069491,NMOS,Optimized
0.6135967635672663,31.133581131229224,NMOS,Optimized
1.255369120400403,40.47397875568245,PMOS,Optimized
1.9480541483312517,78.40119171260949,PMOS,Optimized
2.1353077190176037,97.76689764258722,PMOS,Optimized
2.15185333037139,74.38624331306477,NMOS,Optimized
1.658054696366293,67.90322148315349,NMOS,Optimized
1.6289582054689555,59.35917600475581,NMOS,Optimized
1.9922832121729996,63.34732046548413,NMOS,Optimized
1.1280719870730134,43.19707737137868,PMOS,Optimized
1.1207861617057806,38.23338996468288,NMOS,Optimized
2.0795597867872884,70.1471635678157,PMOS,Optimized
1.9858783482508282,57.5875791894286,NMOS,Optimized
1.7166350758359181,57.699147826473336,PMOS,Optimized
1.7939805944329201,74.54425100665502,PMOS,Optimized
0.8209485409650265,35.11555215861286,NMOS,Optimized
2.1191274473838946,100.0411501016415,NMOS,Optimized
1.8915500763344477,82.16865885269618,NMOS,Optimized
1.1736814899155945,54.49571726641197,NMOS,Optimized
1.5789335806783957,76.87916385380632,NMOS,Optimized
1.24914173404476,60.66372508671445,NMOS,Optimized
1.3595827296234957,29.066261777551432,NMOS,Optimized
1.8813057251042453,82.02251704470794,PMOS,Optimized
0.7360422861536506,34.70166903799689,NMOS,Optimized
1.0913056713744858,74.85175625949626,PMOS,Optimized
1.0866173311529885,49.670768142097906,NMOS,Optimized
0.9708027925613845,45.723115703759916,NMOS,Optimized
2.0845376029098075,101.98440123597456,PMOS,Optimized
0.9708654094522252,60.354158191805915,NMOS,Optimized
1.7630454235426933,70.50476775071567,PMOS,Optimized
1.6731355825253016,44.09880479138336,NMOS,Optimized
0.6402056004602815,43.256260992262796,NMOS,Optimized
0.7940642452800308,54.41100290800033,PMOS,Optimized
0.6891746575275883,48.973916561144364,PMOS,Optimized
0.7225171753643327,62.006806618602255,PMOS,Optimized
1.9018420213603213,57.36784929612921,NMOS,Optimized
2.031088453144473,83.32657173506107,PMOS,Optimized
1.7551033917087957,64.53908724631079,NMOS,Optimized
1.8516263749590132,65.48150789898365,NMOS,Optimized
1.3647706200559018,64.80417730780435,PMOS,Optimized
1.6042591097295102,50.53118925496425,NMOS,Optimized
2.0504192807264423,78.59990080403588,NMOS,Optimized
0.7733245534396345,27.85482202493018,PMOS,Optimized
1.3786915317167359,63.719092859870955,PMOS,Optimized
0.8799252670976321,55.36911684159253,PMOS,Optimized
1.5212144525363682,94.72747320627863,PMOS,Optimized
0.717713867590646,53.16748210871445,PMOS,Optimized
0.9465459232974253,44.678997116550796,PMOS,Optimized
1.240708227410025,69.02394003976302,PMOS,Optimized
0.8092758888231234,36.947529456146384,PMOS,Optimized
1.9129660363230796,95.93946345420753,NMOS,Optimized
1.0692755879609221,29.123826245079883,PMOS,Optimized
1.6197452333452511,55.58565932877276,PMOS,Optimized
1.3708127295197017,78.15211694908449,NMOS,Optimized
0.7417973208921802,14.287059072444125,NMOS,Optimized
1.47287944882583,74.19994273400849,PMOS,Optimized
1.2778316430246646,78.97828907737082,PMOS,Optimized
1.7596633806895978,88.56233176635388,PMOS,Optimized
1.561666490409325,75.550172460758,NMOS,Optimized
2.0008851738128914,51.41924973216892,PMOS,Optimized
0.8005962620517263,56.30757626443561,NMOS,Optimized
1.0517288757794272,35.873984511990585,PMOS,Optimized
1.8663191268336354,72.44204935102982,NMOS,Optimized
1.4565891556943509,84.59414530334885,PMOS,Optimized
2.0802883439055457,56.81061055204311,PMOS,Optimized
1.11565397324503,48.58692950884112,PMOS,Optimized
0.7942567135888854,44.34943837953567,NMOS,Optimized
0.8490413327792268,12.614832846859397,PMOS,Optimized
2.089664041648863,104.23510828934553,NMOS,Optimized
1.8592326964720711,92.74332005077692,NMOS,Optimized
2.171603875350897,82.06498501690535,PMOS,Optimized
1.1270380712187813,55.898235799334124,PMOS,Optimized
1.0374338088573478,63.99656320848975,NMOS,Optimized
1.3192740101228386,86.75701904509265,PMOS,Optimized
1.962334624576926,79.60415790238399,NMOS,Optimized
0.6360812425336435,64.53138723704299,PMOS,Optimized
1.2869187766787626,36.35222368708801,PMOS,Optimized
1.998164710115323,80.78498104324832,NMOS,Optimized
0.9637411305413256,60.701725478774826,PMOS,Optimized
1.1767504966227351,69.47402436634925,PMOS,Optimized
1.0393837582498393,38.32475590930274,PMOS,Optimized
0.8858363592368486,54.77279610019313,PMOS,Optimized
1.198785138945675,71.17240206251347,NMOS,Optimized
1.1884113441736819,82.31518258236125,PMOS,Optimized
1.5861182546531174,61.107814613206145,NMOS,Optimized
1.0172140630077915,49.36447701751591,PMOS,Optimized
2.147527719482792,67.07704152590645,NMOS,Optimized
1.817841271912207,80.61594245757547,PMOS,Optimized
1.8079303016622634,65.60209305068999,NMOS,Optimized
0.8714109807671162,25.83191744245362,NMOS,Optimized
1.391873839727523,50.04278174968045,NMOS,Optimized
0.7322336184350331,25.5619695744941,PMOS,Optimized
2.0462970721639184,66.78296458526597,PMOS,Optimized
0.8012352200746315,34.5022772121476,NMOS,Optimized
1.9431757518943003,62.73043494249237,NMOS,Optimized
1.413575578007971,42.99862496837325,NMOS,Optimized
1.5101536400218634,48.954506225289805,PMOS,Optimized
1.8040763913996392,52.66291890662202,NMOS,Optimized
2.1513401340786986,65.32588636422147,NMOS,Optimized
1.7733714499024642,97.4053118975792,NMOS,Optimized
1.74118498577459,42.65222610094464,PMOS,Optimized
1.2992074388758788,36.31524420817078,PMOS,Optimized
1.1797325863742805,23.45658491657362,NMOS,Optimized
1.3693911768751788,37.37126478446673,PMOS,Optimized
2.186169858620161,85.86256055259571,NMOS,Optimized
1.9164149822398628,63.38509666573268,PMOS,Optimized
1.842470225472137,63.960070222725,NMOS,Optimized
0.8204184381267619,45.660624730469905,NMOS,Optimized
1.3624442780514219,48.180857592389174,NMOS,Optimized
0.9897762044788905,23.86037266151188,NMOS,Optimized
1.3552306276447228,60.38806400290547,PMOS,Optimized
1.8310308979092063,49.45770197879483,PMOS,Optimized
1.8007035762501666,73.67107310531294,PMOS,Optimized
0.6092888881870635,38.000179487897704,NMOS,Optimized
2.100436851276055,84.8815347668549,PMOS,Optimized
1.0509856746878683,64.06327659588112,PMOS,Optimized
1.8912930283539944,51.614756413093254,PMOS,Optimized
0.9209517400812042,26.897691869512883,NMOS,Optimized
0.9870572817150004,16.21835555494764,NMOS,Optimized
1.8268325879002503,95.6790017790396,NMOS,Optimized
1.4775959528925626,60.79060786768425,PMOS,Optimized
1.9126654580184792,47.54511585546601,PMOS,Optimized
1.5005560147602193,88.3919615183352,NMOS,Optimized
1.6760064825441416,52.16200874789845,PMOS,Optimized
1.16853025455118,41.93778179297397,PMOS,Optimized
0.8520194656009451,27.23207695097754,NMOS,Optimized
1.9427079773648006,86.5586681834763,NMOS,Optimized
1.55027861368999,87.13912654104203,NMOS,Optimized
0.7774968934031717,46.9585277371554,PMOS,Optimized
1.7315598255282483,86.41886831136803,NMOS,Optimized
0.9317310303226055,20.416690638318496,PMOS,Optimized
1.4566351806680402,61.52919740674709,NMOS,Optimized
1.4491067063121241,57.3636569962684,NMOS,Optimized
0.7818125376861591,36.32551270534671,PMOS,Optimized
2.0519522150136913,76.36406803420829,PMOS,Optimized
0.9088252307158575,19.64806585054616,PMOS,Optimized
1.564452327207212,74.45793449977097,PMOS,Optimized
1.5132793690865243,72.10419354669537,PMOS,Optimized
0.9362060385781815,35.901337603111145,PMOS,Optimized
2.1220991161521323,86.86066454974983,PMOS,Optimized
0.8283252091844883,56.651754781209135,NMOS,Optimized
1.3830588971319169,78.95436285665016,PMOS,Optimized
1.180688850691865,45.14564647143493,NMOS,Optimized
1.2769273020409142,40.75872960933289,NMOS,Optimized
1.920471758018,51.95600023637665,NMOS,Optimized
1.8900057129043835,47.174937673820196,NMOS,Optimized
1.8055611245079821,71.27571473115057,NMOS,Optimized
1.3384993848503939,32.706494508594076,PMOS,Optimized
1.8344042338742885,40.84170095533145,PMOS,Optimized
1.772027822205522,61.720995517092526,NMOS,Optimized
0.7341560050676067,31.115240766812626,PMOS,Optimized
1.6807304428511407,45.7163517776491,PMOS,Optimized
1.731558966720454,67.9358170197992,PMOS,Optimized
1.201902339585431,51.17787043951981,NMOS,Optimized
0.6870246269257774,31.38938391512181,PMOS,Optimized
1.501917868719552,62.6360172713696,PMOS,Optimized
0.6159171729727412,19.074969269962182,NMOS,Optimized
0.633022745307487,65.82851270460925,NMOS,Optimized
1.3320849581502476,44.46379267502864,NMOS,Optimized
1.8328473868964847,66.47332331125904,NMOS,Optimized
0.9189872359534903,44.48363973263977,NMOS,Optimized
0.9646107502623587,53.79531250501873,NMOS,Optimized
2.1119478951546444,69.83064375828313,NMOS,Optimized
0.7927035763418372,51.56658917030336,PMOS,Optimized
1.684622758466105,63.31780521547239,PMOS,Optimized
1.5428595452926879,73.1907655798872,NMOS,Optimized
2.115310085779481,98.35431030260126,NMOS,Optimized
0.782846398572841,69.75633591659202,PMOS,Optimized
1.9526136496168411,75.5104243194664,NMOS,Optimized
1.5130606409670473,78.92087125445302,NMOS,Optimized
1.0696145554682601,64.39350858223168,PMOS,Optimized
0.827807848208882,34.987502754352164,NMOS,Optimized
0.7622968598503459,53.245833743235046,NMOS,Optimized
1.4643326472001477,71.14809020776897,NMOS,Optimized
1.5500418113051508,52.10412269230338,PMOS,Optimized
1.2872827395725956,79.58600285022072,NMOS,Optimized
1.8579820335877923,89.38364454733016,PMOS,Optimized
1.6910769879922687,51.66738631052807,NMOS,Optimized
0.693145650805761,52.74277666596383,PMOS,Optimized
1.2229786904796118,61.70216044957221,PMOS,Optimized
1.0715338397440652,47.26311806912554,PMOS,Optimized
1.6861625705490253,91.66423283601395,PMOS,Optimized
1.2863077743774975,52.45825374215539,PMOS,Optimized
1.76667137379233,51.58594521929072,PMOS,Optimized
1.938220364741722,56.26872828719462,NMOS,Optimized
1.6319736415046537,47.20589003960089,NMOS,Optimized
0.6293098357174998,21.254784161189516,NMOS,Optimized
1.3576148765593006,63.460727904059105,NMOS,Optimized
1.263880586029262,51.75125163514461,PMOS,Optimized
1.9768583125118124,79.86818352185756,PMOS,Optimized
0.9540930594184909,38.33574606970514,NMOS,Optimized
1.8290937888955545,57.514602979648366,PMOS,Optimized
0.6971146309259684,35.25323604864729,NMOS,Optimized
1.9386541471485894,65.84480990270512,NMOS,Optimized
0.84907592842025,61.97861201795062,PMOS,Optimized
0.8492718937589536,49.8180926559612,PMOS,Optimized
1.5612453685292484,68.5361424177606,PMOS,Optimized
1.7283601070428043,52.52677149633881,PMOS,Optimized
1.8017494759815995,90.06181824729396,NMOS,Optimized
1.8324026564934877,62.760987941585384,PMOS,Optimized
1.173996738939483,41.18939557237594,PMOS,Optimized
0.6338026435957232,11.111102788529077,PMOS,Optimized
1.2808812293413363,73.40933696416971,NMOS,Optimized
1.853636896216964,73.82997783480607,NMOS,Optimized
1.2552084517014346,75.41882538229378,PMOS,Optimized
1.9745502088537283,69.6802281504637,NMOS,Optimized
2.19945311115082,57.189970470901756,PMOS,Optimized
2.129308906625528,90.6274224251654,PMOS,Optimized
1.6903337145402357,38.1796415269129,NMOS,Optimized
1.0035180193525628,73.9879426732562,NMOS,Optimized
2.0431432378558037,68.96663443262774,PMOS,Optimized
2.111457477315737,94.41649208769311,PMOS,Optimized
1.2724761791726895,49.70297969595845,PMOS,Optimized
0.9751285991683016,18.54586846371692,NMOS,Optimized
1.8625576912424164,64.60309750228147,NMOS,Optimized
1.1432509234433614,43.29060391928658,NMOS,Optimized
1.0033085186726525,21.604866387219772,NMOS,Optimized
2.1450479432090113,91.66709317926909,PMOS,Optimized
1.1143610929102459,37.72924733379607,PMOS,Optimized
1.6218256914041067,71.74257875058402,NMOS,Optimized
2.128720305877451,97.41092201139827,NMOS,Optimized
1.9004334433948058,102.50101566209798,PMOS,Optimized
2.1879986240866236,98.9944559118471,PMOS,Optimized
0.8187010872852255,33.29629991684512,NMOS,Optimized
1.790173933682496,63.2782973849368,NMOS,Optimized
1.268013951139619,26.326815629624445,NMOS,Optimized
1.1115880704720245,38.14423798001221,PMOS,Optimized
0.7514642906054482,59.44498159590436,NMOS,Optimized
1.260055809688442,44.12811990038013,NMOS,Optimized
2.107134455864062,77.38638857465044,NMOS,Optimized
1.0887193721566988,61.912418262578285,PMOS,Optimized
1.4233949010919118,53.18666819871261,PMOS,Optimized
2.130415383644435,103.18081203642845,NMOS,Optimized
1.6805710493428583,47.14956988168774,PMOS,Optimized
2.059374371719804,108.24745800986253,NMOS,Optimized
1.7565114480974406,81.09941930758413,NMOS,Optimized
1.8465243952255626,91.90255820466055,NMOS,Optimized
0.8659695446850841,46.5750759931581,NMOS,Optimized
1.4935006311232226,90.27329279602895,PMOS,Optimized
1.5896084981359562,49.73117855279977,NMOS,Optimized
1.0559254309323722,49.53308657363421,PMOS,Optimized
1.5470428998795467,65.4559984062169,NMOS,Optimized
0.7751180444876484,28.9861072774055,NMOS,Optimized
1.4632459521804997,59.50705754984503,NMOS,Optimized
0.7615429703664521,52.18197314500471,NMOS,Optimized
1.6128581047337498,60.69239123200685,PMOS,Optimized
1.3400523700380753,53.59548142709343,PMOS,Optimized
1.3360615979138588,35.62749658334623,NMOS,Optimized
0.752379077497395,53.255178865026025,PMOS,Optimized
1.1491328485271457,75.7557265535846,PMOS,Optimized
1.8230285507624862,72.94164880822785,PMOS,Optimized
2.0787449754118748,80.26111594795685,PMOS,Optimized
1.6551730883446099,85.3413828159999,NMOS,Optimized
1.1869388120564202,35.45512464066966,NMOS,Optimized
1.20384545405062,67.6804282102049,PMOS,Optimized
1.4821988444856649,61.68921184478724,NMOS,Optimized
0.9035130705643606,50.49185458911535,PMOS,Optimized
1.2428278074779393,27.282029288047845,PMOS,Optimized
1.478045535211483,74.620650940704,NMOS,Optimized
0.8682895200003982,69.72185225933379,PMOS,Optimized
1.8271993047097923,80.60042523296798,NMOS,Optimized
1.0362490003514258,76.90461692311601,NMOS,Optimized
1.4038421556902554,64.84225409980938,PMOS,Optimized
1.6665540646562316,36.68355758101438,NMOS,Optimized
1.4399533454132616,84.62623409663259,PMOS,Optimized
0.8600649949389136,27.41089917199356,PMOS,Optimized
0.6712418743417272,15.316431540609097,NMOS,Optimized
0.8066058654630666,65.4038250387971,PMOS,Optimized
2.1372449164981937,90.35050039222878,PMOS,Optimized
1.9594884764436649,81.85102115341274,NMOS,Optimized
1.0394908937328524,78.82025240623202,PMOS,Optimized
0.6610871147259354,33.88150182387666,NMOS,Optimized
1.447616190072224,52.6428614470815,PMOS,Optimized
2.022596175038959,84.54772032231814,PMOS,Optimized
1.738022337398585,73.83136366469348,NMOS,Optimized
2.1438602972663277,96.51049555131944,NMOS,Optimized
0.7127914372365126,19.396950655031333,PMOS,Optimized
1.7552803866777569,97.7129868540785,PMOS,Optimized
1.1846092081983184,27.4317677193444,NMOS,Optimized
1.5207419750527562,48.751727772778146,NMOS,Optimized
1.2198424003993813,35.81268853149257,PMOS,Optimized
1.5822671685396328,96.5459636251256,PMOS,Optimized
1.1637274649892233,35.41961319839813,NMOS,Optimized
1.4699464465405605,51.34905666152622,NMOS,Optimized
0.7633611533421287,33.79441352709283,NMOS,Optimized
1.3217181333527401,38.26305501237863,NMOS,Optimized
1.0151301520476284,58.96296972198459,PMOS,Optimized
1.3979345514129662,44.42529005088254,PMOS,Optimized
1.0622757798556723,63.199813622729984,PMOS,Optimized
2.1508173623436426,73.40580796803584,PMOS,Optimized
1.6064383036121113,72.70677325239609,NMOS,Optimized
1.1892226433080366,46.01260752355333,PMOS,Optimized
1.6825433766308389,88.11452715265199,PMOS,Optimized
1.7871451428930558,92.35329403356354,PMOS,Optimized
1.1478627715406005,32.1308570389958,PMOS,Optimized
0.7856628569621542,49.72867637276169,PMOS,Optimized
1.5554687429992637,39.215939483650544,PMOS,Optimized
0.7488811831633795,21.3180343554437,NMOS,Optimized
0.953198274951282,58.33195380670647,NMOS,Optimized
0.9831299619493368,46.94859570267738,PMOS,Optimized
1.8368227028368431,98.48762475585538,NMOS,Optimized
0.8451638443859476,45.57468513617424,PMOS,Optimized
1.7397948092994016,61.505792914182294,NMOS,Optimized
1.8951630008326923,62.745925479204,PMOS,Optimized
2.1840725017357583,52.00514650708462,NMOS,Optimized
1.172293503964245,66.67870422084724,NMOS,Optimized
1.0067231806598922,24.381318584821482,PMOS,Optimized
1.1737277242255042,46.17892264186419,PMOS,Optimized
1.2952675609115856,47.719931934443466,NMOS,Optimized
0.6813506196090617,60.339375908651725,NMOS,Optimized
0.7466160632274891,41.52012740745735,NMOS,Optimized
0.8210162094431809,26.50123924541731,NMOS,Optimized
0.6253976226526508,52.21189996523726,PMOS,Optimized
2.0084121022872616,70.55113070870863,PMOS,Optimized
0.8539089945641791,57.11727092837333,PMOS,Optimized
1.9410272385802458,85.58084068618739,PMOS,Optimized
1.1677309304473424,79.99047475606926,NMOS,Optimized
1.2369114994067942,46.05453408576213,NMOS,Optimized
0.865790864326835,59.226393592598505,NMOS,Optimized
0.6504212211001459,49.5563048256202,NMOS,Optimized
2.020156628178681,65.39839957757569,PMOS,Optimized
1.9708925190435553,54.76418873287985,PMOS,Optimized
1.652067055437866,62.81045629657401,PMOS,Optimized
0.7647172942047924,60.89673161558238,NMOS,Optimized
0.8383314229061736,58.23480113710394,NMOS,Optimized
2.157428844079156,57.18778865212646,NMOS,Optimized
1.003276032831501,46.11397583289943,PMOS,Optimized
2.1453313108790812,78.98632302933889,PMOS,Optimized
1.5762952038050693,69.38473965556707,NMOS,Optimized
1.0376972471819526,37.79977859782289,PMOS,Optimized
0.6833801776083603,43.35587298708612,NMOS,Optimized
1.5730985660305699,70.00146673367803,PMOS,Optimized
2.164951603593595,71.03765823067815,NMOS,Optimized
1.6418560037094627,97.64705801967808,NMOS,Optimized
2.1132870782415245,71.11471412800556,PMOS,Optimized
1.704001213657886,42.36319015054811,NMOS,Optimized
1.106926315873594,30.47564096419124,PMOS,Optimized
2.168534830907063,64.05640030483555,NMOS,Optimized
1.6186467577254868,56.12622251090411,PMOS,Optimized
1.1278324458326978,45.83962262326249,NMOS,Optimized
1.9067044148265935,74.01602122501367,PMOS,Optimized
1.8104450953351248,73.84651171786834,PMOS,Optimized
1.31316295324927,70.38391875092398,NMOS,Optimized
1.898951727604003,48.74116111724416,NMOS,Optimized
1.3960610970544922,49.424298877767875,NMOS,Optimized
1.4723569366532563,59.8036195467554,NMOS,Optimized
0.9292519790305407,64.45157346626424,NMOS,Optimized
0.7904616388897484,41.27373490756357,NMOS,Optimized
1.6103859651540948,38.476628457636195,NMOS,Optimized
0.8924865726300744,23.09261166648077,NMOS,Optimized
1.6058284944507273,54.83930507798942,NMOS,Optimized
1.6913790113958234,74.53520583542682,NMOS,Optimized
1.0087235524590592,44.89011751429222,NMOS,Optimized
1.9551081001135358,55.70656843307665,PMOS,Optimized
1.8968486328001335,59.57121327030045,NMOS,Optimized
0.9040760923453078,55.856772375463045,NMOS,Optimized
2.194007853526154,51.30185542133865,PMOS,Optimized
1.8815908017216332,63.48800618998259,PMOS,Optimized
1.488464274698484,50.93298397062243,PMOS,Optimized
1.7987132669061983,70.64279169342872,PMOS,Optimized
0.6708850836912772,21.08060444518661,PMOS,Optimized
1.0672068264649908,46.029885251521826,PMOS,Optimized
1.9346576178724977,69.70896857232609,NMOS,Optimized
0.9138113986045789,55.976910675964334,NMOS,Optimized
1.9281956561291698,74.86987713767263,NMOS,Optimized
0.7962407383957896,64.17771354627865,PMOS,Optimized
1.6376734339548973,77.5963235766553,NMOS,Optimized
1.6342398107132698,72.72297848093899,NMOS,Optimized
1.7356643255915203,63.49623336524169,PMOS,Optimized
0.9235706629982536,51.953778129189224,PMOS,Optimized
2.059115758557996,53.839269287103406,PMOS,Optimized
1.591875190072753,84.76202241235569,NMOS,Optimized
2.0167829733346214,74.92728858006268,PMOS,Optimized
1.6279625794033903,92.66029859071516,NMOS,Optimized
1.401887978064622,59.22512895721837,PMOS,Optimized
1.3671009125894562,46.28189187196283,NMOS,Optimized
2.160767321067059,98.85687027884296,NMOS,Optimized
1.859257862656165,50.68324073574671,NMOS,Optimized
1.6678227314616079,67.42459002501816,PMOS,Optimized
1.9931669093978792,57.87550173086263,NMOS,Optimized
0.6067704126866023,10.662186871984922,PMOS,Optimized
1.2079840218574527,33.97758436043859,NMOS,Optimized
0.938500001308524,33.56219271180851,NMOS,Optimized
0.7845358437892905,38.47221693169146,PMOS,Optimized
2.150048811524989,66.89456051696463,PMOS,Optimized
1.2811250393405502,62.35190302368508,NMOS,Optimized
1.1323016657298504,67.39560014307901,PMOS,Optimized
2.0726978883797655,98.8735151609892,PMOS,Optimized
1.3174849368469723,38.531586994442044,NMOS,Optimized
1.7900517798890387,80.4984332249243,NMOS,Optimized
2.1727330744877014,104.17578887294565,PMOS,Optimized
1.9905195202764916,72.06831175962024,NMOS,Optimized
1.6870138356086457,44.16162468164855,PMOS,Optimized
1.032177644732168,55.41722611571923,PMOS,Optimized
2.017046413711494,85.38713276608865,NMOS,Optimized
2.157919075088673,56.22237052551591,PMOS,Optimized
1.8803711505037972,84.42602316201543,NMOS,Optimized
1.4753935376732201,46.34891336950099,PMOS,Optimized
1.9252019811235308,74.41114879867267,PMOS,Optimized
1.3033789008474685,47.74641315658737,PMOS,Optimized
0.7278169311051531,8.688553617361773,PMOS,Optimized
1.9141874095114848,73.16487982690961,PMOS,Optimized
1.0107025500311397,53.382694992104675,NMOS,Optimized
1.8850538390752907,83.58623255096313,NMOS,Optimized
0.9492741323054246,39.790088328015784,NMOS,Optimized
1.6195823806388425,49.671470216578754,NMOS,Optimized
2.030054070454287,76.94211193474777,NMOS,Optimized
1.8860886553178036,94.72266202531,NMOS,Optimized
2.087988753093551,91.93292140911231,PMOS,Optimized
1.422931912176601,51.092593805002956,NMOS,Optimized
0.7296892356591431,35.9882680579429,PMOS,Optimized
1.6340977486332844,74.43082395667192,NMOS,Optimized
1.8492618616524932,74.75448187848323,PMOS,Optimized
1.7924687227287155,90.01535767589942,PMOS,Optimized
1.8803145353137358,54.145568867096124,NMOS,Optimized
2.1211150204465707,82.20992582251957,NMOS,Optimized
2.002999241786404,45.200726351965514,NMOS,Optimized
1.081301586303197,66.15727768669569,PMOS,Optimized
0.6786210235164537,20.71381351266226,NMOS,Optimized
1.820698933055953,50.05725745767607,NMOS,Optimized
0.6657539797001651,50.690840150077655,PMOS,Optimized
1.0593539695843972,51.48182491184851,PMOS,Optimized
1.0262038499473387,63.49585379816006,PMOS,Optimized
2.1296725077618746,102.91284839634716,PMOS,Optimized
1.390929946279249,38.152289721638965,PMOS,Optimized
1.02551793757908,66.41913232896371,PMOS,Optimized
1.7431211752780817,72.3749510208726,PMOS,Optimized
1.131859740588691,64.60682793699478,PMOS,Optimized
0.6516694049782472,41.09064865897035,NMOS,Optimized
1.8793857654860942,55.68029061736579,NMOS,Optimized
1.4017170372333325,85.4465481711785,PMOS,Optimized
2.1557374337263666,66.4443972650491,NMOS,Optimized
0.9621535753892898,16.22226046901245,PMOS,Optimized
0.9459623430522921,65.04027271026811,NMOS,Optimized
0.6331752192881064,71.42417075881188,PMOS,Optimized
0.6983370408109147,18.584796685677254,NMOS,Optimized
2.17024052885719,71.3066760848175,NMOS,Optimized
0.6112075536292245,9.586960162571193,NMOS,Optimized
0.8507188234810623,26.696497215399766,PMOS,Optimized
1.567730106870807,70.23189163860798,NMOS,Optimized
1.0350545657261736,53.9567438839691,NMOS,Optimized
1.1031051828727827,68.58288768078458,PMOS,Optimized
0.7481968347032029,48.969805549704816,NMOS,Optimized
1.9969514776854544,45.24600381781508,NMOS,Optimized
1.0223179706030747,47.32215961629518,NMOS,Optimized
1.191381266594965,62.76965218629336,PMOS,Optimized
1.2814922503902306,75.9059493485118,PMOS,Optimized
1.8328705537659151,72.06769139510125,PMOS,Optimized
0.7045713252702228,39.081261016427845,NMOS,Optimized
1.5740580041289234,60.385581646214156,NMOS,Optimized
2.0691974330048524,99.90978199492088,PMOS,Optimized
1.625359911293185,52.71297746274756,NMOS,Optimized
0.933227349628756,53.26411257547178,PMOS,Optimized
1.2367457931202366,44.245361426993114,PMOS,Optimized
1.4835908798607438,37.85192387447822,PMOS,Optimized
1.8950737281613157,37.11778483144329,PMOS,Optimized
1.1385641631542858,51.92533193209956,PMOS,Optimized
0.8242566792060841,59.27394927991803,NMOS,Optimized
1.9123984549231334,63.84342355250775,NMOS,Optimized
0.7945025929024334,53.09318346312949,NMOS,Optimized
2.060777151972679,96.47513716101469,PMOS,Optimized
1.4479268001805168,44.39218909976276,NMOS,Optimized
0.9888151203399455,20.497827395979137,NMOS,Optimized
1.4323874493362374,74.73947718170862,PMOS,Optimized
1.7736333606219787,56.4958194410891,NMOS,Optimized
2.0924363783620277,49.7838219824024,NMOS,Optimized
1.8700469732328755,47.18802530935079,NMOS,Optimized
1.0664298478988177,53.32359433746834,NMOS,Optimized
1.2416978853069127,59.84233635277903,PMOS,Optimized
1.6686241537340791,62.62358972722019,PMOS,Optimized
0.9601477501365165,62.464878403258275,NMOS,Optimized
0.8046783689931594,9.778486519553734,PMOS,Optimized
2.184773312844928,108.72423113588539,NMOS,Optimized
1.353223319520108,76.5333959411578,NMOS,Optimized
1.8094582439332005,47.00433546411051,NMOS,Optimized
1.6837242491888027,47.28417190863725,NMOS,Optimized
0.625023290055792,51.56135930497454,NMOS,Optimized
2.1527461838628548,65.91691244387764,NMOS,Optimized
1.9257353591858988,67.37209276286843,PMOS,Optimized
1.0434209535810735,23.850187186049006,NMOS,Optimized
0.8052293803892446,67.98738229820185,PMOS,Optimized
1.6969569038661554,67.30882046060628,PMOS,Optimized
0.7914810017668922,35.66844633801507,NMOS,Optimized
2.121737750831939,72.44473804446338,NMOS,Optimized
1.325288319333124,70.86812287998917,PMOS,Optimized
1.3612202210949165,52.653253253017105,NMOS,Optimized
1.7428886126363015,64.73188685233629,PMOS,Optimized
0.6119037736057444,41.006224464469305,PMOS,Optimized
2.1738268316572196,61.739807623166556,NMOS,Optimized
0.8819186006223201,14.359765081553373,NMOS,Optimized
1.8605747020263137,59.740656043930464,PMOS,Optimized
1.3733104277514845,78.73740728062947,PMOS,Optimized
0.9843326426966262,42.12197258003992,NMOS,Optimized
1.0112352351313383,80.58544110003336,NMOS,Optimized
1.9424363009892365,55.402929157970355,PMOS,Optimized
0.7225796796394371,34.10022722254914,PMOS,Optimized
1.9815809236638793,71.57461267629024,NMOS,Optimized
0.6404726400904828,25.6172379326593,NMOS,Optimized
1.8063873706804743,82.03546322282253,NMOS,Optimized
0.7871964364056779,59.03065251111885,PMOS,Optimized
