sqrt,Sigma_Vt,technology,type_row
11.487657733626264,14.04359144010724,PMOS,16nm
29.155862654723467,,PMOS,16nm
25.314522696115095,,NMOS,16nm
9.6084191526207,12.514140010663061,NMOS,16nm
17.130772084023143,23.383884893082275,PMOS,16nm
10.11705628782919,14.770265970830723,NMOS,16nm
3.0014309550423346,4.094486260264895,PMOS,16nm
3.7163893843511095,4.7277548504346765,NMOS,16nm
9.101163634302319,12.892912747945138,PMOS,16nm
20.903676941646737,,PMOS,16nm
21.550935326724364,,NMOS,16nm
9.034744168375097,14.045600515737316,NMOS,16nm
6.979943793214305,10.138645377765041,PMOS,16nm
29.332274778381723,,PMOS,16nm
5.300662511050479,8.769721946674768,PMOS,16nm
0.5117990547989482,6.508609447139184,NMOS,16nm
10.891430244639405,15.395339783664948,PMOS,16nm
18.694768203668303,25.362306324065514,NMOS,16nm
21.150491874516028,27.48646429769501,NMOS,16nm
23.468798258657472,,NMOS,16nm
5.994483937595256,11.894102777003116,PMOS,16nm
29.140901076785713,,NMOS,16nm
27.018998588680805,,PMOS,16nm
15.950561540143367,20.670087334709173,PMOS,16nm
15.085096448414742,20.393752918974727,PMOS,16nm
2.277817175785022,4.781350519161389,NMOS,16nm
28.72522103663186,,PMOS,16nm
14.954436428224154,22.39391117246761,PMOS,16nm
23.79190388077572,,PMOS,16nm
17.176649995884176,22.05909665646873,PMOS,16nm
22.23274483130595,,PMOS,16nm
19.11242627802376,27.499557127424936,NMOS,16nm
25.2764285594294,,NMOS,16nm
17.426522986621528,25.541309918408444,NMOS,16nm
2.0755885855598653,6.35474441565305,NMOS,16nm
29.534144637278594,,NMOS,16nm
14.401909108360014,21.693977367204692,NMOS,16nm
6.0966945296332895,7.831742904076676,PMOS,16nm
18.96542366948561,25.58673419477757,NMOS,16nm
15.971530574183248,24.818357834994075,PMOS,16nm
26.820743297966605,,NMOS,16nm
26.16601316695127,,PMOS,16nm
24.52179274714899,,PMOS,16nm
21.505202454128483,26.835405657898605,PMOS,16nm
17.25788371526209,25.83899072143877,PMOS,16nm
1.6837174536393062,2.234477515187234,PMOS,16nm
14.242876578909327,21.461443360305093,PMOS,16nm
27.303236043598176,,PMOS,16nm
2.633097880642874,8.484723655364158,NMOS,16nm
26.75462430542557,,PMOS,16nm
26.24267989529233,,PMOS,16nm
17.258675175771415,23.818655908284835,NMOS,16nm
9.43331687368148,16.956155529238032,NMOS,16nm
9.56790610030525,15.60904247941226,NMOS,16nm
24.38515196775612,,PMOS,16nm
4.776576793976485,8.902938908801291,NMOS,16nm
21.765816905875575,,PMOS,16nm
2.32839429116627,4.956164032071544,PMOS,16nm
10.713516747773298,20.719209080800255,PMOS,16nm
24.401623433923454,,PMOS,16nm
4.34119340254558,11.829539894784858,NMOS,16nm
10.408886423103668,17.801042093112017,NMOS,16nm
19.40382870679689,26.642377448829055,PMOS,16nm
0.622252212509532,0.9553159399382728,PMOS,16nm
5.367453164916057,8.856009048866675,PMOS,16nm
24.825541814605128,,NMOS,16nm
0.04124103816515956,4.671425426312229,PMOS,16nm
4.2822040681264015,8.44121873197777,PMOS,16nm
6.009156741726849,8.631952354398951,PMOS,16nm
19.27703637114247,,PMOS,16nm
7.538552381339672,13.100373767646964,PMOS,16nm
29.620729724316366,,PMOS,16nm
21.015680304360764,,PMOS,16nm
12.72881532468127,21.272370908739475,NMOS,16nm
21.68641146036384,27.884811451651384,NMOS,16nm
20.81578674061652,,PMOS,16nm
2.641495495799849,6.083731678923688,PMOS,16nm
21.879394501291163,,PMOS,16nm
19.55346350097551,,PMOS,16nm
25.43792239894744,,NMOS,16nm
23.108647167343406,,PMOS,16nm
3.5139338595598812,10.956888593369637,NMOS,16nm
2.034477104079623,6.346712940500859,PMOS,16nm
26.719710561000287,,PMOS,16nm
14.688694568600456,22.563781564686852,NMOS,16nm
29.012192837399038,,NMOS,16nm
17.371563253102366,26.00678498205923,NMOS,16nm
26.467967312010757,,PMOS,16nm
0.839869922977664,3.248657400783791,NMOS,16nm
25.881091117219214,,NMOS,16nm
17.619013413304927,25.715872502850452,PMOS,16nm
6.027006659988157,10.41147132765241,PMOS,16nm
25.806110285543404,,NMOS,16nm
5.802862219061246,7.192875937402311,PMOS,16nm
25.386342094265558,,NMOS,16nm
2.0963818559786693,2.8140407080105954,PMOS,16nm
8.03869014844622,15.714988137583775,PMOS,16nm
5.370692449171507,7.241656494425228,NMOS,16nm
6.233559855935974,13.220521994318824,NMOS,16nm
18.008283082184647,24.979145440148997,PMOS,16nm
1.288507348372695,2.290597464513525,NMOS,16nm
1.4473068819523471,3.3527443119662594,NMOS,16nm
27.175271668224703,,PMOS,16nm
12.051080844010965,21.240872744167557,PMOS,16nm
21.08423799157405,,NMOS,16nm
17.71328441282394,21.409612448559628,NMOS,16nm
9.9998395844639,13.0142592128248,NMOS,16nm
20.992190223296916,25.656794135511763,NMOS,16nm
19.751558008779295,,NMOS,16nm
3.6340527290416356,8.02525696321172,PMOS,16nm
25.67337498312384,,PMOS,16nm
17.57691549282458,27.693266073518835,NMOS,16nm
15.365389985412756,21.16531069951105,NMOS,16nm
8.336073223253749,16.270899389026514,PMOS,16nm
1.2019926802355163,5.529271746079633,PMOS,16nm
15.53246078128135,20.12078504887775,NMOS,16nm
10.801582032022237,13.128182001170511,PMOS,16nm
8.578693751958452,16.971874771177056,NMOS,16nm
4.719696320097995,11.49323759738223,NMOS,16nm
16.17894711035281,21.65310463615732,PMOS,16nm
2.4114080049719155,3.168267140810921,PMOS,16nm
6.9783610516514605,9.740849860033979,NMOS,16nm
4.122928886960398,10.637239615605122,PMOS,16nm
6.708760626447051,13.984658304779856,PMOS,16nm
19.726515157926393,27.72573050739505,PMOS,16nm
26.074031693546708,,PMOS,16nm
16.432484306417578,24.563633872248307,PMOS,16nm
17.738936669283742,26.157955338249508,PMOS,16nm
1.434420034852868,8.212372250395138,PMOS,16nm
17.879907520036685,27.98021735325751,PMOS,16nm
20.639227400904932,25.01484825462725,NMOS,16nm
26.09732027510117,,PMOS,16nm
12.776244593317132,16.127357879515145,NMOS,16nm
24.588980214296974,,PMOS,16nm
21.03234629587574,27.32214414303142,PMOS,16nm
3.2638766499020013,7.956952888026118,PMOS,16nm
17.308377521208577,26.083447424684785,PMOS,16nm
1.1978118581609531,8.321446434256742,PMOS,16nm
11.869952641758804,17.711479697520712,PMOS,16nm
20.028519871862535,27.84262732776826,PMOS,16nm
25.756880800353535,,PMOS,16nm
24.6760837249023,,PMOS,16nm
27.683097007559777,,NMOS,16nm
4.019260800262972,9.481204145835267,NMOS,16nm
17.097114918535226,25.54205916533197,NMOS,16nm
21.75609597556764,,NMOS,16nm
20.475936763816357,26.38322484153337,PMOS,16nm
20.55984539826189,25.00503755925607,PMOS,16nm
18.54635332329733,25.115966824678402,NMOS,16nm
19.69983975246943,27.94220125341586,PMOS,16nm
1.0276080901413576,4.281874543885365,NMOS,16nm
15.139377500337009,20.202790700732937,NMOS,16nm
2.5379695145661163,7.113135412167668,NMOS,16nm
27.49388513219253,,NMOS,16nm
13.487119365423668,20.27139181932189,PMOS,16nm
5.328376122943544,10.250762967993143,NMOS,16nm
26.27382387607228,,NMOS,16nm
2.8537296778574186,10.325146030355153,PMOS,16nm
1.2432907425221473,2.122829596021595,PMOS,16nm
22.442899334341437,,PMOS,16nm
0.7989912454068782,7.6451575154948905,PMOS,16nm
10.724297459052178,13.127337064800942,PMOS,16nm
14.816782644259208,19.686577359550565,NMOS,16nm
15.825441566878574,20.811075181077463,NMOS,16nm
18.421503279598,,NMOS,16nm
28.0114990200015,,PMOS,16nm
11.975139095954944,20.06078426621948,NMOS,16nm
28.87359080681605,,NMOS,16nm
14.781146359515867,23.94316704162902,PMOS,16nm
22.76580011349683,22.37880312971148,PMOS,16nm
8.873461171055135,13.322653639683685,PMOS,16nm
4.306771633358725,10.41381239200011,NMOS,16nm
17.064146011824217,25.880300240881528,NMOS,16nm
9.326968596352517,13.663598153612222,NMOS,16nm
19.69286192299804,,NMOS,16nm
22.92879418729396,,NMOS,16nm
15.467457578170823,23.94355208988435,NMOS,16nm
28.544424899189796,,NMOS,16nm
13.194927259840071,20.2403101367428,NMOS,16nm
29.293513294589545,,NMOS,16nm
19.794517109642452,,NMOS,16nm
24.351724533611403,,NMOS,16nm
22.74387551484719,,NMOS,16nm
1.896167887830742,3.83189450890644,PMOS,16nm
19.673991432644744,,NMOS,16nm
23.976069114161888,,NMOS,16nm
7.684322255421295,15.090349413505356,NMOS,16nm
0.35103167248206835,6.802881256667039,PMOS,16nm
8.648574621663842,14.511711899588342,NMOS,16nm
20.24107772799502,,PMOS,16nm
0.18755672014948654,5.370576928432034,PMOS,16nm
2.5707308143645946,7.484087274628541,NMOS,16nm
22.080043524109826,,NMOS,16nm
6.902543667647714,8.540343461108558,PMOS,16nm
2.1611515204009315,3.2377984324390963,NMOS,16nm
27.19955119135789,,NMOS,16nm
7.629483771277133,12.181510900876095,NMOS,16nm
23.625981875944387,,PMOS,16nm
9.760431097789045,16.610246449761895,PMOS,16nm
25.734949615541836,,PMOS,16nm
12.015148886782844,15.07410213157401,PMOS,16nm
16.50794379829823,24.48625515045584,NMOS,16nm
1.8409894954336636,6.669496774351808,PMOS,16nm
10.231089745161452,15.264609409630005,NMOS,16nm
22.34554170722106,27.366915182909565,NMOS,16nm
2.7995996785280464,8.843475616536697,PMOS,16nm
20.55141010681494,,NMOS,16nm
0.5621915722227333,5.914948500572294,PMOS,16nm
26.835638881303325,,NMOS,16nm
13.40184624383469,22.89631939503178,NMOS,16nm
11.450351080374627,20.4259013734273,PMOS,16nm
8.081976871866411,15.31997096969711,NMOS,16nm
22.537511547049817,,NMOS,16nm
18.99492607463603,25.17295185730932,PMOS,16nm
2.7317504701271043,7.89774461752223,NMOS,16nm
3.4474215439602087,4.416624076891487,NMOS,16nm
2.299150785131064,7.649761340169369,NMOS,16nm
3.415420814166886,8.170336456306869,NMOS,16nm
5.238920567796192,10.141924200433802,PMOS,16nm
25.53027674529678,,PMOS,16nm
16.609250885165725,24.582872976171036,PMOS,16nm
6.336547194097115,12.731116476021965,NMOS,16nm
11.422656414400755,15.212277495647513,NMOS,16nm
18.010350663048413,25.656991326336346,PMOS,16nm
13.461865401326103,17.078252720894785,NMOS,16nm
26.152773228621736,,NMOS,16nm
8.414122415589834,11.189791299011826,PMOS,16nm
6.197885583701115,13.16580949130351,NMOS,16nm
10.40486327120119,13.051460683781563,PMOS,16nm
10.813212710937469,17.056584620544783,NMOS,16nm
4.430047621571375,12.223262627593957,NMOS,16nm
20.955728827989482,25.61453940368767,NMOS,16nm
6.960669952557836,14.609530299415422,PMOS,16nm
14.868968875276675,20.66716868519108,PMOS,16nm
8.154513042027512,12.40042368252167,NMOS,16nm
7.947970161200336,12.768700215853332,NMOS,16nm
8.420559264754965,13.170915789678961,PMOS,16nm
16.349869185968604,24.045190568708247,PMOS,16nm
18.299155016880018,25.72816753909155,NMOS,16nm
25.380460067439113,,NMOS,16nm
25.951346909183346,,NMOS,16nm
26.662011749134567,,PMOS,16nm
4.515181151104246,7.0146407897092935,NMOS,16nm
10.670829255519843,15.529779406394297,PMOS,16nm
27.636866226047964,,PMOS,16nm
2.977575228183711,9.854818355880742,NMOS,16nm
4.981299580742878,10.065340367789638,NMOS,16nm
18.84925202319901,27.787252579514586,NMOS,16nm
7.828191511471358,14.156229942988208,NMOS,16nm
11.28616651720119,23.056179002582677,PMOS,16nm
4.007313085237327,7.59479788216703,NMOS,16nm
3.17787457187503,10.523411809831074,NMOS,16nm
11.159319282593854,19.645177044549612,PMOS,16nm
4.395456275408528,11.74567544293275,PMOS,16nm
7.21085600309356,12.523619832327961,NMOS,16nm
6.173754941010399,10.316444134949295,PMOS,16nm
14.062940170557376,23.28650347599286,PMOS,16nm
28.004466615338718,,NMOS,16nm
14.75973128848569,21.64756645840692,NMOS,16nm
10.267785007907102,14.804881281613934,NMOS,16nm
28.785811812944424,,PMOS,16nm
13.272579734731817,17.534118174318706,NMOS,16nm
0.29582349004074526,6.016441904370723,PMOS,16nm
10.271045463110587,16.627022944225253,PMOS,16nm
27.39611705718853,,NMOS,16nm
22.888709602328174,,NMOS,16nm
28.359752437277603,,PMOS,16nm
4.356795684184171,11.813964980900924,PMOS,16nm
7.356826503599702,15.355811174051905,PMOS,16nm
17.752645566266448,25.721863089564913,PMOS,16nm
3.9699512233597023,6.646673453018564,PMOS,16nm
7.7649274677962214,12.718536955698283,PMOS,16nm
0.516374545464876,2.0591466072824707,PMOS,16nm
3.8845175877710814,7.09444521875565,NMOS,16nm
4.621182254523751,9.386556772338544,PMOS,16nm
14.457813836372523,20.92397513796222,NMOS,16nm
10.44480834199848,12.925466453242953,NMOS,16nm
18.420530552749202,25.397050466213848,PMOS,16nm
29.093103203211182,,NMOS,16nm
14.456549123985516,22.586030305475095,PMOS,16nm
27.565956264643336,,PMOS,16nm
16.488080496587813,20.895256702457893,PMOS,16nm
5.245083525897247,8.258326997431213,NMOS,16nm
22.799923187425897,,PMOS,16nm
19.692118411601516,,NMOS,16nm
29.33891663317801,,PMOS,16nm
7.117023293480694,11.807301871879545,PMOS,16nm
27.2175635883912,,PMOS,16nm
1.7623364464999924,8.066281878163943,PMOS,16nm
6.279422573341117,9.389484411264199,NMOS,16nm
24.425677591347196,,NMOS,16nm
3.043949456685817,4.729568161147537,PMOS,16nm
17.833405572992376,22.339585517241677,NMOS,16nm
8.667460723994923,17.078156849246803,PMOS,16nm
18.000053079123646,26.4161542422246,NMOS,16nm
3.7350059457803866,7.904734362791824,NMOS,16nm
27.79857411970886,,PMOS,16nm
22.419413315850566,,NMOS,16nm
21.58324243988268,,PMOS,16nm
22.456346286107213,27.869503873658708,PMOS,16nm
2.504263968854825,7.390365828030537,PMOS,16nm
5.954374790702207,9.316045533029154,NMOS,16nm
26.999673797922604,,NMOS,16nm
17.472586072410053,23.35026075485325,NMOS,16nm
13.000507919959123,20.97569128525273,NMOS,16nm
4.463158933956181,9.12079293863502,PMOS,16nm
2.844351157287691,4.663614003766046,NMOS,16nm
23.78941286315782,,NMOS,16nm
13.533107079810264,16.401537217152974,PMOS,16nm
20.221634674747953,26.064548416011732,PMOS,16nm
18.006936994680196,24.0855318738611,PMOS,16nm
13.143976902313874,20.392801275650363,NMOS,16nm
1.003595804587093,1.9008400065010584,PMOS,16nm
13.527275528761376,18.29347877721711,PMOS,16nm
16.56250880071208,23.994065528277275,PMOS,16nm
27.689273712264733,,PMOS,16nm
16.39439046935064,23.267834081412076,PMOS,16nm
10.82524315612282,13.249457427391446,NMOS,16nm
8.784681822588038,11.087535221399051,PMOS,16nm
27.15432598493532,,PMOS,16nm
14.460518733742953,20.841745246393465,PMOS,16nm
17.579809089787865,23.43057484049061,NMOS,16nm
24.98584095634126,,NMOS,16nm
15.30969072076305,22.24872571404966,PMOS,16nm
7.344823255097717,15.491842786035612,NMOS,16nm
1.3697749821723415,4.249860988467594,PMOS,16nm
24.913091817815424,,PMOS,16nm
4.000905751673002,7.9592519938237025,NMOS,16nm
11.440218754727884,14.987900996519102,NMOS,16nm
17.041958261029286,20.940469542522507,PMOS,16nm
11.930632475941312,18.941546828384002,PMOS,16nm
10.174131692497285,21.918543525876423,PMOS,16nm
18.118162889414187,24.617390046586003,NMOS,16nm
26.221735321845347,,PMOS,16nm
24.93161808663694,,PMOS,16nm
9.065620352882794,13.986150559134419,NMOS,16nm
27.79214016574469,,NMOS,16nm
29.425534170348097,,NMOS,16nm
25.735861020419836,,PMOS,16nm
13.41584748580162,21.016721227004123,PMOS,16nm
20.4587866615463,,NMOS,16nm
0.5070378278502563,5.594757289222532,NMOS,16nm
6.444314835071889,12.093627030469955,PMOS,16nm
16.98813023473953,26.604313329976563,NMOS,16nm
14.775838622475728,23.86524012090545,PMOS,16nm
16.289811927440237,25.206806536418604,PMOS,16nm
21.930396226114265,,PMOS,16nm
9.882848940720546,14.60841342713618,PMOS,16nm
13.800633318808465,17.063510496107288,PMOS,16nm
10.571134644038697,22.15832135810141,PMOS,16nm
12.579089399308803,21.507965498406623,PMOS,16nm
9.757837365581786,11.73898985893281,NMOS,16nm
23.44631261263122,,NMOS,16nm
19.887129810223755,,NMOS,16nm
25.04704472874717,,NMOS,16nm
7.412808435838643,10.183058944615624,NMOS,16nm
7.408107539974665,14.254627624819404,PMOS,16nm
9.87427412965069,17.29738838795327,NMOS,16nm
25.335275738728306,,PMOS,16nm
16.049033654232986,21.508980216331892,NMOS,16nm
19.573423312386037,26.964390235373134,PMOS,16nm
22.001436123780515,,NMOS,16nm
28.231221614524518,,NMOS,16nm
1.2515201517528118,3.4858230703422652,PMOS,16nm
21.792701650119703,,PMOS,16nm
5.873140012765724,9.71060386271348,NMOS,16nm
27.54282836755432,,PMOS,16nm
20.09521777956281,,PMOS,16nm
3.418788345877105,8.62330404690873,NMOS,16nm
10.968497023848968,13.853567088454978,NMOS,16nm
20.872603397591128,25.358647762700752,PMOS,16nm
15.09857463855831,23.281168738901314,PMOS,16nm
24.561572939728734,,NMOS,16nm
25.71156238496564,,PMOS,16nm
1.7383404874492436,5.499859270312266,PMOS,16nm
27.13842851698236,,PMOS,16nm
6.477768330627124,11.262775303975358,PMOS,16nm
19.58691035367366,24.27115653475566,PMOS,16nm
4.417623158141285,10.277799276150912,PMOS,16nm
21.191387700982762,,PMOS,16nm
3.788416251199661,11.301344423353049,NMOS,16nm
25.89698306638042,,NMOS,16nm
20.81074954311774,26.285292720599003,NMOS,16nm
12.097019330887774,15.081765417336335,PMOS,16nm
5.5239305598942625,12.470897285970667,NMOS,16nm
27.126859639011876,,PMOS,16nm
17.983342212641563,27.743648699016745,PMOS,16nm
9.472351409217062,12.647548079706828,NMOS,16nm
4.394485917377681,10.53617622298464,NMOS,16nm
16.114769653053855,20.765949538652936,NMOS,16nm
20.539863558915016,26.566766123415242,PMOS,16nm
27.750936283687267,,NMOS,16nm
4.638348820797059,5.665678399872781,NMOS,16nm
21.913601348939807,27.838598542120806,PMOS,16nm
23.431865229112677,,PMOS,16nm
17.706421680919053,26.040818859044265,NMOS,16nm
18.616426450010717,22.694714633114767,NMOS,16nm
27.863150817106256,,PMOS,16nm
1.361022444623713,2.5758738751936248,PMOS,16nm
3.0043584446280347,8.099095299450997,PMOS,16nm
0.5362289874538528,3.4373058457238446,PMOS,16nm
4.094277886865121,8.305507085082933,PMOS,16nm
23.592567691864993,,NMOS,16nm
28.04234306116466,,PMOS,16nm
14.06059323814745,17.40949923207942,NMOS,16nm
20.618178076145153,25.056116813619074,PMOS,16nm
12.876050196253374,22.230470807242302,NMOS,16nm
9.04343406756697,16.983640431310185,NMOS,16nm
3.373888535516648,9.31543298420276,NMOS,16nm
10.302901288511904,16.694556308930814,PMOS,16nm
15.577873378012471,23.371091700951094,NMOS,16nm
6.589928627924257,13.634311211154802,NMOS,16nm
16.385082828365576,22.6080140184099,NMOS,16nm
16.800898723327837,21.1315442444811,NMOS,16nm
8.04216941022397,11.106178220064328,NMOS,16nm
29.029386672837518,,NMOS,16nm
12.738983037280557,22.036981892254143,PMOS,16nm
17.811640779628082,21.56505487375585,NMOS,16nm
29.875881430790486,,NMOS,16nm
0.39746327655392877,4.088099294833182,PMOS,16nm
18.07075129922014,25.575206825109504,PMOS,16nm
25.23961413063126,,NMOS,16nm
1.068291039199486,3.0095934073001773,PMOS,16nm
16.653868097610406,25.842805881066813,NMOS,16nm
25.869456407611647,,NMOS,16nm
20.198299102184606,27.30448292097305,PMOS,16nm
27.35461265921036,,NMOS,16nm
20.521350464578212,,PMOS,16nm
15.590228707008244,20.274043521707554,PMOS,16nm
8.902969891157776,12.070807939422139,NMOS,16nm
14.143181126441727,17.268098491554266,PMOS,16nm
12.794898317367972,17.17260869214397,NMOS,16nm
11.380153398867025,20.066481723426016,PMOS,16nm
17.930621440543103,27.30194638685944,NMOS,16nm
26.241043745731726,,PMOS,16nm
28.007533039429568,,PMOS,16nm
16.39558976658278,24.436094048522172,PMOS,16nm
9.323705899502603,13.61397563769486,NMOS,16nm
29.941736558465962,,PMOS,16nm
20.461198325019904,24.749638307958616,NMOS,16nm
19.189373311362917,,PMOS,16nm
22.880554808409258,,PMOS,16nm
8.146829969722184,10.43458764478444,NMOS,16nm
11.085241555529148,13.935701225529392,PMOS,16nm
18.344949610710046,24.132459224310576,PMOS,16nm
14.548283205087678,23.839645376628543,NMOS,16nm
22.431579284046734,28.432720187245025,NMOS,16nm
24.321308392078183,,NMOS,16nm
3.0444949389030196,6.029601402882848,NMOS,16nm
7.328460464385394,11.095892512675496,PMOS,16nm
1.522603447315286,6.958815284345874,PMOS,16nm
4.043024543655705,4.886634820848693,PMOS,16nm
9.171021238118879,14.209485819684554,PMOS,16nm
12.101563477839148,17.68270771458962,PMOS,16nm
21.044527981243487,,NMOS,16nm
21.044587251797193,25.444842044897193,NMOS,16nm
13.567519343655855,21.882753138134877,PMOS,16nm
10.684488913279218,16.23752396112833,NMOS,16nm
21.519122905273736,,NMOS,16nm
9.535616379500638,15.837362853027575,NMOS,16nm
16.818398505359397,24.298943572522592,PMOS,16nm
10.320788873938136,14.096978296693404,NMOS,16nm
6.117650988826677,9.187958209154795,PMOS,16nm
18.88396109491805,24.410268385515177,NMOS,16nm
17.707047734247325,27.199902300167086,NMOS,16nm
22.78321268101222,,NMOS,16nm
21.065418545783373,27.9328778762002,NMOS,16nm
10.93744023112594,13.994401001827583,NMOS,16nm
2.747602905108848,8.85909050001467,PMOS,16nm
23.19153534769442,,NMOS,16nm
13.099226107482567,22.523641301116253,NMOS,16nm
28.255398571121727,,NMOS,16nm
0.3115380234094933,5.024772181060101,PMOS,16nm
5.119370915329443,11.69296018260978,NMOS,16nm
21.814453702466,27.59662116103254,PMOS,16nm
23.3646770363467,,NMOS,16nm
3.098578325878758,8.010904308751435,PMOS,16nm
11.724366467377346,15.437431687514218,PMOS,16nm
9.999134503171526,20.90240572284064,PMOS,16nm
14.675400181119581,22.12767583014501,NMOS,16nm
28.640154665720868,,PMOS,16nm
23.378490321932308,,PMOS,16nm
29.638984675944645,,NMOS,16nm
7.601981176437713,12.93984027272579,PMOS,16nm
24.71157063376015,,NMOS,16nm
26.98353657382984,,PMOS,16nm
23.675721457970674,,NMOS,16nm
22.264139255523588,27.704079560346017,NMOS,16nm
22.273023502235606,,PMOS,16nm
28.151238128968874,,NMOS,16nm
29.522652955091026,,NMOS,16nm
10.867671435351737,20.153105433743132,PMOS,16nm
5.455618462347001,12.847930408547889,NMOS,16nm
15.868688078819407,22.904257534391984,PMOS,16nm
18.730119992285562,23.897139599237647,NMOS,16nm
21.983339049377506,24.705512329339278,NMOS,16nm
10.740080975495562,13.029835291686833,NMOS,16nm
18.78805662788527,23.437057409723813,PMOS,16nm
2.999763861446265,9.798625356973163,PMOS,16nm
17.656023603038527,23.761480982402613,PMOS,16nm
29.784314262941816,,PMOS,7nm
0.2549393168862446,1.6479815971656746,NMOS,7nm
12.288171007507554,11.728869053081823,NMOS,7nm
25.276015281210967,,PMOS,7nm
28.787019731580067,,NMOS,7nm
29.097249944463556,27.446952424250888,NMOS,7nm
19.838525556867992,17.949319387807193,NMOS,7nm
19.292966352542912,21.14071064110812,NMOS,7nm
26.10531022824374,25.3718386869373,PMOS,7nm
9.901349757618998,9.565743327165116,PMOS,7nm
9.764740531983385,8.998178699090674,NMOS,7nm
27.741746002261657,26.71344116768174,NMOS,7nm
25.98521902970303,25.328602440381694,NMOS,7nm
20.936907671923468,20.644872481864258,PMOS,7nm
22.387136145617248,20.691355208444882,PMOS,7nm
4.142785143094247,7.383422507321342,NMOS,7nm
28.483639638448018,,NMOS,7nm
24.216563931270894,27.222944390035877,NMOS,7nm
10.756527935917397,10.000359392644878,NMOS,7nm
18.355004637719922,18.693650598877937,NMOS,7nm
12.171407513339245,14.407718428073263,NMOS,7nm
14.242176180440543,13.121952827228883,PMOS,7nm
24.024482345704598,22.782419333889678,PMOS,7nm
2.5507928653809486,4.185780573687104,PMOS,7nm
9.21198133827161,13.268352908034885,NMOS,7nm
9.124074959118534,8.584729485256908,NMOS,7nm
6.952552360525958,12.160936829985797,PMOS,7nm
27.835080054558887,,PMOS,7nm
6.953726427229223,9.751677927999951,PMOS,7nm
21.8071016914255,22.163141858178204,PMOS,7nm
20.121292172349406,19.669703730657233,PMOS,7nm
0.7538550086302798,3.875940620897577,PMOS,7nm
3.6387045990005773,8.689083421522461,PMOS,7nm
1.6720248286422812,5.279331467183985,PMOS,7nm
2.297197038081238,7.5878101786831245,NMOS,7nm
24.40953790050602,25.819516463504517,PMOS,7nm
26.83290849645887,27.440154459659652,PMOS,7nm
21.65818859453992,24.878540086605483,PMOS,7nm
23.46799453048149,26.844544910268695,NMOS,7nm
14.339449126048159,15.573410294160702,PMOS,7nm
18.829858307428317,20.437835413450472,PMOS,7nm
27.195361513620792,24.652037284578224,PMOS,7nm
3.249835376993145,5.011282731551628,PMOS,7nm
14.600466219688796,17.05613516479844,NMOS,7nm
5.248598758080601,7.832714524286851,PMOS,7nm
17.272770985056905,21.529193145853394,PMOS,7nm
2.207135017324614,6.409255568423525,NMOS,7nm
6.497736061826723,10.742623978372222,NMOS,7nm
12.013279263937967,14.523543263586522,PMOS,7nm
3.923922915433564,7.204465824145187,NMOS,7nm
24.618113181057744,25.827915529792282,NMOS,7nm
8.79891727426729,10.60807938200238,NMOS,7nm
19.120223125223458,19.411753452799633,PMOS,7nm
14.452738678494406,15.301596438880594,NMOS,7nm
2.65869976672838,3.255622033989326,NMOS,7nm
16.366489665484313,15.487521867566043,PMOS,7nm
12.70934330671246,15.310370650488885,PMOS,7nm
21.743688387929957,23.71306476847854,PMOS,7nm
18.031246695174843,20.525813644117164,PMOS,7nm
26.26659700899171,25.447439440702894,PMOS,7nm
3.7611799134698676,7.895125111983463,NMOS,7nm
8.46991642086426,11.277218565320055,PMOS,7nm
23.74348362813066,22.94864441485371,PMOS,7nm
16.061046669269075,20.291721953175163,PMOS,7nm
27.755406448228985,26.981823145488423,PMOS,7nm
9.668511998344309,11.185429605147378,PMOS,7nm
3.642313379791602,7.3831460540582565,PMOS,7nm
4.669524989610503,5.099639854968331,PMOS,7nm
27.93120078091618,,NMOS,7nm
23.610613058851328,24.238227465271926,NMOS,7nm
29.467572662829316,27.206275032288172,NMOS,7nm
9.88196383535215,14.62700167688452,PMOS,7nm
8.201883916075273,11.784070770300344,PMOS,7nm
13.486387689803225,16.801343777778378,PMOS,7nm
25.54377421081736,27.765659016925333,PMOS,7nm
0.6765232975058166,5.506502486706075,PMOS,7nm
12.8797270627268,14.71008390887624,NMOS,7nm
26.215588314662305,27.172178472334913,PMOS,7nm
6.820146197649855,11.938279097990424,NMOS,7nm
10.814071811676284,11.320732875659015,NMOS,7nm
8.238445467184485,8.730182039005555,NMOS,7nm
5.359431735690911,8.780116768767993,PMOS,7nm
11.227221355231407,12.351282984599194,PMOS,7nm
11.032712703256536,14.45337997613688,NMOS,7nm
18.48971727474595,24.22332198891831,PMOS,7nm
7.822763681396092,10.849907300900883,PMOS,7nm
29.016144740302355,27.035140015286935,NMOS,7nm
22.834523848353882,23.73056709493099,NMOS,7nm
22.648693156167436,22.119622974648927,PMOS,7nm
5.0889558893834295,5.563911539910241,NMOS,7nm
14.847634494891054,17.2993968321222,NMOS,7nm
2.4793803456568697,7.003259835495493,PMOS,7nm
27.118070103073467,,PMOS,7nm
3.7731603763993418,5.159371865577161,PMOS,7nm
25.18454534801813,23.54518954012149,PMOS,7nm
15.254542087649455,15.617159632053271,PMOS,7nm
17.065380750409936,16.073026490480064,PMOS,7nm
22.576432338743235,24.6326765433367,NMOS,7nm
29.087627513975598,,PMOS,7nm
22.000714685671205,24.090579179080073,PMOS,7nm
21.397218483273566,20.620575153773622,NMOS,7nm
13.110139478922726,15.097159244074598,NMOS,7nm
10.869985994517759,10.785110831495857,NMOS,7nm
14.426084566409598,15.657251271599833,NMOS,7nm
29.740684849128023,,PMOS,7nm
24.682780916997427,26.73327429938348,NMOS,7nm
23.29631672760257,23.349918282022237,NMOS,7nm
4.132845714876784,6.815547640242277,PMOS,7nm
14.29583021346416,17.094998777708298,PMOS,7nm
7.308303833979197,8.289302534617656,NMOS,7nm
14.160574268338552,12.918107875617292,PMOS,7nm
23.08182933579761,21.162507632699946,NMOS,7nm
22.513192054690624,24.560596884348556,NMOS,7nm
0.17416665350744154,5.34497150843536,PMOS,7nm
28.13319096142603,,NMOS,7nm
8.45598140039753,7.926184971242333,PMOS,7nm
24.211744281637397,24.04575720648675,NMOS,7nm
6.017845126522578,5.445591358881239,NMOS,7nm
7.257324032156257,6.791245667708243,PMOS,7nm
23.003111023129687,26.387222499742435,PMOS,7nm
16.45492411673555,17.920321076969543,NMOS,7nm
24.61247733784648,23.39168378665226,PMOS,7nm
16.88542527675411,20.45551386618919,PMOS,7nm
20.175121547702656,20.526257991424067,NMOS,7nm
10.659942272834623,14.698484329827492,PMOS,7nm
4.725364980017721,5.606334958161554,PMOS,7nm
25.175774575590008,23.72975435950898,PMOS,7nm
17.817724006687314,20.960161197540913,NMOS,7nm
3.3280667513094695,3.9236628680104335,PMOS,7nm
21.21674672865466,23.31762799269616,NMOS,7nm
6.219956818548853,7.3194092206579535,PMOS,7nm
16.06190963752575,16.90982482341643,PMOS,7nm
15.920750743352327,15.482197725165697,PMOS,7nm
3.408985081615483,6.291486495156336,PMOS,7nm
27.224104031506712,,PMOS,7nm
5.7904730759223275,5.696588161603393,NMOS,7nm
18.083481135135223,20.509411346399098,NMOS,7nm
17.123988170372332,17.808151180589178,NMOS,7nm
6.303863223340903,8.753660928712623,NMOS,7nm
28.53935842785248,,NMOS,7nm
4.281097672209155,5.392471038240599,NMOS,7nm
14.682354321223443,16.76423900748717,NMOS,7nm
10.887915950472468,14.22443528658112,PMOS,7nm
12.69238691326714,13.186714249908745,PMOS,7nm
24.758845462837503,25.500636051060745,NMOS,7nm
24.187607116957185,23.5452415319618,PMOS,7nm
22.60427108452466,23.25764841163006,PMOS,7nm
13.846863465944882,14.752089570505323,PMOS,7nm
23.14507938514291,22.165893306673123,PMOS,7nm
21.97552166635354,20.878939399010086,PMOS,7nm
2.5154250950176262,6.053397788222828,NMOS,7nm
20.263695803458887,22.796401405957297,NMOS,7nm
21.216730626008516,21.897343641745515,PMOS,7nm
11.285668867226832,11.410690337864173,PMOS,7nm
1.6317117548583249,5.255279707422259,NMOS,7nm
16.910960038491602,16.08281508385157,NMOS,7nm
0.2984469932388967,3.6309048525561516,PMOS,7nm
0.6191764745153827,4.191869672733891,PMOS,7nm
13.726592965317142,13.569452469050967,NMOS,7nm
23.11588850430909,24.023548177298167,NMOS,7nm
5.981010674127942,9.176051242568459,NMOS,7nm
6.836451567419224,10.303741030741609,NMOS,7nm
28.34902303414958,27.037056331661955,PMOS,7nm
3.6131920564094475,9.152788476643215,PMOS,7nm
20.336676721239467,21.834345559828954,PMOS,7nm
17.6786164742379,17.119910927070414,NMOS,7nm
28.412064108365264,,NMOS,7nm
3.428369973240769,7.581926911670249,NMOS,7nm
25.361505930315765,25.89442415346882,NMOS,7nm
17.11988701813214,18.857102236911704,NMOS,7nm
8.805272915029878,10.818145039940802,PMOS,7nm
4.271397153916537,7.314202050020954,PMOS,7nm
3.0430661221939848,3.576435007716267,NMOS,7nm
16.206237135002766,16.462136595738116,PMOS,7nm
17.813283961971578,21.888482653639336,NMOS,7nm
12.886551366986168,14.687216589467997,PMOS,7nm
23.587163129771103,26.820387159259916,PMOS,7nm
20.45769352485504,20.63929771449332,NMOS,7nm
1.7464809526080172,2.887644262630211,NMOS,7nm
11.680850446492721,11.721244223293702,NMOS,7nm
8.841259495201223,8.416554652488015,NMOS,7nm
20.365548197794226,23.22567892408141,PMOS,7nm
12.86827076957808,13.581994922568835,PMOS,7nm
21.87508825860619,24.666875048050343,NMOS,7nm
25.09163183890729,27.798453951322543,PMOS,7nm
19.349505778212254,20.368791867265315,PMOS,7nm
0.5495594197031206,4.366223064428691,NMOS,7nm
14.205278935486882,15.091775975513231,NMOS,7nm
12.44776098804866,12.787619279221705,NMOS,7nm
25.816093359596483,,PMOS,7nm
6.639244864096704,7.7397772387173065,NMOS,7nm
23.045508541791644,23.197663200401195,NMOS,7nm
1.820899329861907,6.107102125115137,NMOS,7nm
25.099765259036054,24.22319853373677,PMOS,7nm
4.670173657879689,5.926608991315062,PMOS,7nm
4.673848007980381,4.818804188989143,NMOS,7nm
18.023350659923405,23.835163899906682,NMOS,7nm
21.156752007052585,23.613872023702708,PMOS,7nm
22.532802674654985,22.39611781166215,NMOS,7nm
23.107549809252895,25.86900951923045,NMOS,7nm
10.762438855115304,13.528919222302708,PMOS,7nm
0.6337995674198105,0.8144358497478625,NMOS,7nm
12.766523050150054,14.036321555039581,PMOS,7nm
23.505691804068075,25.83687153592643,PMOS,7nm
12.285158469401896,16.03294951736271,PMOS,7nm
25.77281641600741,26.02006379984943,NMOS,7nm
29.989745834077876,,PMOS,7nm
28.67454199922865,27.31163709161747,PMOS,7nm
20.44375714762942,21.478916579148482,NMOS,7nm
7.565962862860553,11.24978534508622,PMOS,7nm
27.058935709796312,25.011142581571637,NMOS,7nm
28.339827699670064,26.753565072029147,NMOS,7nm
12.608928359487928,13.105516665333969,NMOS,7nm
7.033661234405654,6.3899772686950405,PMOS,7nm
23.67295671079531,24.863084572706548,NMOS,7nm
10.18595481456303,14.645294943812868,PMOS,7nm
7.562034725112236,8.467261643468763,PMOS,7nm
28.96964893516896,27.42472469023476,NMOS,7nm
9.644270492067108,13.05203803591692,PMOS,7nm
19.159231713827005,17.658003286886206,PMOS,7nm
28.663505735202204,,PMOS,7nm
24.383127063652605,27.037232213090505,PMOS,7nm
29.77497420162419,,NMOS,7nm
4.100645386597979,4.050426998726008,NMOS,7nm
22.3157612565468,21.774042492082703,PMOS,7nm
12.525261583867856,12.448085506093149,PMOS,7nm
9.592276321350461,10.611949711887576,PMOS,7nm
2.8399554488521526,5.433855079637193,NMOS,7nm
12.376046431658288,15.802456448906545,NMOS,7nm
28.258771047451155,26.508936888288304,NMOS,7nm
9.163488227938101,13.338185289029433,PMOS,7nm
15.438654395473348,15.869472198809529,PMOS,7nm
28.69528844333316,,PMOS,7nm
20.26070717517859,22.037925335224337,NMOS,7nm
27.363269469746317,,PMOS,7nm
21.684589651827007,23.43400144424786,NMOS,7nm
23.37233241047929,26.266219765616572,NMOS,7nm
4.986928962845329,9.271806797229761,PMOS,7nm
16.753136833560426,20.34194057280654,PMOS,7nm
18.55515934004918,22.57695787175915,NMOS,7nm
8.548601829981981,11.987752488657126,NMOS,7nm
17.7570543727415,21.032401089316146,NMOS,7nm
3.2834633341434074,5.747158447041196,PMOS,7nm
16.185861603384367,22.922060340483945,NMOS,7nm
3.028930694370977,5.254194352337343,NMOS,7nm
18.991089463757806,20.149958541924263,PMOS,7nm
13.875981938213911,13.44143095704503,PMOS,7nm
13.80115496088485,15.711111937198742,PMOS,7nm
2.857107703076156,4.79596035419025,NMOS,7nm
10.296240909883984,13.792362850912957,NMOS,7nm
22.93178532679661,20.647325213107695,NMOS,7nm
27.726468288972647,27.01002353642056,NMOS,7nm
19.784495406461435,21.208855734616005,PMOS,7nm
11.005102726057878,10.093413456146083,NMOS,7nm
11.322102263449125,11.026201057304418,NMOS,7nm
16.541228334106215,17.121887872773687,PMOS,7nm
5.690870073081761,6.936229931536484,PMOS,7nm
12.053021390211363,11.272971648386426,PMOS,7nm
16.463353785215304,22.781478458302956,NMOS,7nm
5.030428500007465,8.90674186817863,NMOS,7nm
23.009986963308602,26.191173172346037,NMOS,7nm
8.179668756589232,12.687975002721817,PMOS,7nm
15.07204041919229,24.221661713411535,PMOS,7nm
19.99788871230434,22.21936074527875,PMOS,7nm
15.749125226498652,17.64770855180158,PMOS,7nm
4.876218655104632,9.275068359528202,NMOS,7nm
1.3357851439073853,3.0121569533545336,PMOS,7nm
3.873859977432499,7.115243585146455,PMOS,7nm
28.82334218434113,,PMOS,7nm
25.49040893331871,25.610194714666303,NMOS,7nm
8.240454257490981,11.589834943499712,NMOS,7nm
1.1453834011112896,4.681449277524555,PMOS,7nm
15.892803563854198,20.045311132876833,NMOS,7nm
26.673678281980482,,NMOS,7nm
21.33791882622347,25.068318136128376,PMOS,7nm
28.94738057374364,,PMOS,7nm
2.114839448184611,2.207745179928054,NMOS,7nm
21.66150725020794,24.673152411525702,NMOS,7nm
10.961422653718468,10.443468576217935,NMOS,7nm
17.26391203223918,17.38539132417063,PMOS,7nm
11.6220450074884,14.94252735823909,NMOS,7nm
18.41750941011811,21.838677453470975,NMOS,7nm
10.569889968547935,12.020094812866438,NMOS,7nm
16.311495872635508,15.127031073637195,PMOS,7nm
3.0630216251649145,6.376502923712052,NMOS,7nm
13.532215000363877,16.877996708420298,NMOS,7nm
7.78369035089303,7.212036188931821,NMOS,7nm
14.961272838993112,21.06426784097364,NMOS,7nm
8.667670872293856,10.097394960722696,PMOS,7nm
29.077825543943295,,PMOS,7nm
18.870718192727086,19.947830694363248,NMOS,7nm
11.047924562025685,12.307067813988072,PMOS,7nm
20.297688311828228,20.873506862438596,PMOS,7nm
22.258971429244795,24.549023922986212,NMOS,7nm
10.272426966386258,12.501487011037067,PMOS,7nm
3.4811785680403906,6.725031847322386,PMOS,7nm
17.915038931236193,21.99014041339419,NMOS,7nm
2.791522184313365,3.464529130251372,PMOS,7nm
6.622467655336536,9.3209274824073,NMOS,7nm
7.183686786550066,11.058954137272782,NMOS,7nm
23.190425678190802,25.026436353030842,NMOS,7nm
4.596822082236518,9.135793697428863,PMOS,7nm
21.371152674363778,24.70596463411146,PMOS,7nm
24.28430626561298,22.11799402956991,NMOS,7nm
29.701359407545464,27.994851659359497,PMOS,7nm
10.730503199329595,14.034476503757205,PMOS,7nm
7.626059637372979,9.909029494440997,PMOS,7nm
10.757394829228202,10.169939461265356,NMOS,7nm
13.036266767092226,15.842751998184411,NMOS,7nm
1.5253241176699084,5.921050360615728,PMOS,7nm
2.7490511855154196,6.156956391435175,NMOS,7nm
4.144053927059641,6.800391740593224,NMOS,7nm
0.4762054247372016,3.5431515950706656,NMOS,7nm
26.40772691788616,25.327374418427908,NMOS,7nm
4.760793648078359,8.026012571551743,NMOS,7nm
25.14426072337961,25.790857471315086,NMOS,7nm
10.644954945887672,14.907341288649945,PMOS,7nm
11.942090613877392,15.436782332868122,NMOS,7nm
4.983578706128159,4.957746692581946,NMOS,7nm
0.9453978956277354,2.696153680875348,NMOS,7nm
26.62793677835027,24.903342408453295,PMOS,7nm
25.70423473206666,25.278700947927994,PMOS,7nm
19.72625728945999,24.161637613321187,NMOS,7nm
3.0884492663398566,4.4419896109773385,NMOS,7nm
4.468714179490753,8.034761885837067,PMOS,7nm
29.201790826484167,28.106965984126585,NMOS,7nm
7.561425615590641,12.204413499631778,PMOS,7nm
28.974962078982774,,PMOS,7nm
18.305535071345048,20.074981729076633,PMOS,7nm
8.206823384661611,9.175337816209467,PMOS,7nm
1.5633783301567572,2.519600725603887,PMOS,7nm
18.245598113073186,22.07237476430522,NMOS,7nm
29.3428425673799,,PMOS,7nm
19.53480006955242,22.7880548214202,NMOS,7nm
28.374132717028584,,NMOS,7nm
20.70002275608536,21.72045356570314,NMOS,7nm
9.504868422629887,9.988299855672796,PMOS,7nm
29.41002807950743,,PMOS,7nm
19.099626707352876,20.044263162710998,NMOS,7nm
9.896858359363083,14.341120716740424,NMOS,7nm
24.500707777998628,26.546288282516752,NMOS,7nm
22.69584553753359,25.906051377119038,NMOS,7nm
13.371805373423811,15.900657243059388,PMOS,7nm
24.355344892575054,22.846525058712615,NMOS,7nm
14.926145569771728,15.968204382163549,PMOS,7nm
16.356692562248554,17.50345881453665,NMOS,7nm
6.173474606822639,11.207520499607854,NMOS,7nm
3.5711557291827822,3.74563205569204,PMOS,7nm
18.944736846639277,17.31462320096014,PMOS,7nm
5.484123236813896,6.2712925401598145,NMOS,7nm
18.859284270951132,17.344934131886834,PMOS,7nm
20.463356463671683,23.364168029979623,PMOS,7nm
7.663566608607361,10.75061654773372,NMOS,7nm
25.408276877128795,25.24819075316491,NMOS,7nm
24.315911865002498,24.773588132098173,PMOS,7nm
5.7014267314745215,6.772839048662652,NMOS,7nm
29.887647253615384,27.216808832140103,NMOS,7nm
24.02982753228062,22.8586294476135,PMOS,7nm
16.658705150596575,20.984217812645646,NMOS,7nm
22.475873754491218,22.561263742822227,NMOS,7nm
1.3290953192114474,2.813775506037808,PMOS,7nm
8.760127996218575,11.440095420080791,PMOS,7nm
25.024830335109332,21.687942907392248,NMOS,7nm
5.883963723835856,7.238072989116216,PMOS,7nm
24.90366855242193,25.523996256636543,NMOS,7nm
3.679513844921054,8.784891445426366,PMOS,7nm
19.456376886654326,24.769205822074618,NMOS,7nm
19.391996450873812,22.1046409233347,NMOS,7nm
21.293706104841004,23.593665198026123,NMOS,7nm
6.066949931217255,8.587089184040988,NMOS,7nm
27.358420472962422,,PMOS,7nm
18.597659813864116,20.59345373135475,PMOS,7nm
26.564680750024152,24.492230260804252,NMOS,7nm
19.27429836381357,22.399787043406373,NMOS,7nm
15.035399588711662,16.1002119501712,PMOS,7nm
14.383142111052305,13.363536166118738,NMOS,7nm
29.264387270007354,,NMOS,7nm
23.611084924803095,24.698414638606167,PMOS,7nm
20.02167621490515,21.862062486310958,PMOS,7nm
26.121879551210235,26.948440234529393,PMOS,7nm
0.1269452378737923,0.3465464392077784,NMOS,7nm
11.399700409827236,10.899653437674958,PMOS,7nm
6.346875024534824,6.283917139485791,NMOS,7nm
3.460047071049197,5.340088171634548,PMOS,7nm
29.063415216093546,26.55702344736058,PMOS,7nm
12.771094487635315,16.636274988448516,PMOS,7nm
9.980656232434695,10.853737212305637,PMOS,7nm
27.613085407120604,,PMOS,7nm
13.45284256588073,14.504719778892492,NMOS,7nm
22.313470872919474,20.412392493035245,NMOS,7nm
29.4887451466444,,PMOS,7nm
26.072241005184217,26.40431495410372,PMOS,7nm
20.38150941766211,20.20036425411413,PMOS,7nm
8.10333083872815,12.429553011945018,PMOS,7nm
26.56962025709051,,NMOS,7nm
29.21098265791262,27.610343082665462,PMOS,7nm
24.006959071946195,25.023408439524857,PMOS,7nm
16.413628831372876,22.272359885755698,NMOS,7nm
24.8475371460662,27.090676693320138,PMOS,7nm
13.188354390890034,17.14808743854575,PMOS,7nm
2.396567458221621,2.9082889533018834,NMOS,7nm
24.64101392834034,26.12788681266262,NMOS,7nm
7.700672813083871,9.895972918734707,NMOS,7nm
24.094759482661694,23.034572298624912,NMOS,7nm
6.54888998072671,10.813832707506668,PMOS,7nm
19.117169636978293,17.7553490208623,PMOS,7nm
26.813513821017885,,PMOS,7nm
24.114162287208813,25.932255577578008,NMOS,7nm
27.899789120504074,,NMOS,7nm
15.42997335331127,16.178459647547008,PMOS,7nm
2.4316731686089343,4.653297476236055,PMOS,7nm
19.389332786874085,22.793751340621586,NMOS,7nm
23.42365990598424,26.45640225046475,PMOS,7nm
22.358788551163418,22.93151746708885,PMOS,7nm
24.005897537132544,24.216984090880498,NMOS,7nm
28.5209066333732,25.95503922733018,NMOS,7nm
26.30623578349508,23.905917776863696,NMOS,7nm
9.024404743184943,13.765368878198474,PMOS,7nm
1.4741441909335073,2.1928783975233266,PMOS,7nm
22.88810499479912,23.97029330454187,PMOS,7nm
1.2328871193780977,4.685429883833035,NMOS,7nm
8.612886929707448,9.480490967697005,NMOS,7nm
7.991322186512601,9.396873228183676,NMOS,7nm
28.681359520535146,22.6956370992809,NMOS,7nm
14.829936492735921,14.002646407700661,NMOS,7nm
7.9784613296077485,10.545372641275852,NMOS,7nm
21.433522036464034,22.0459076435724,NMOS,7nm
9.972370136037958,10.9379297699685,PMOS,7nm
0.9688013433421361,2.1741967691536237,PMOS,7nm
23.98848310286426,24.186862615489762,PMOS,7nm
15.032194448124981,20.977227883318044,NMOS,7nm
29.17007688236937,,NMOS,7nm
6.790379538549184,6.9716197727311116,NMOS,7nm
6.486793932230476,9.502950619003718,NMOS,7nm
0.6220353616519947,6.087742192166022,PMOS,7nm
1.843819515204651,3.780453484606463,PMOS,7nm
29.442009916072315,27.43805158456338,PMOS,7nm
0.21014163054795976,0.38427846232025,PMOS,7nm
4.700977940269919,6.40779247201256,PMOS,7nm
18.14493950382763,20.99824242806229,NMOS,7nm
8.157273107365757,10.05827227943593,NMOS,7nm
9.433222178864677,11.613889028118665,NMOS,7nm
2.7786906506850526,5.090643649763688,NMOS,7nm
26.192840206602273,24.514146317259325,NMOS,7nm
7.91846194880765,12.573778875272918,NMOS,7nm
11.088398748655592,11.524028247447612,NMOS,7nm
12.777979694816823,14.120475558314968,NMOS,7nm
23.116322883110907,21.743259487809716,PMOS,7nm
1.9607123488166778,7.69799287237316,NMOS,7nm
18.263587577417315,17.18136522259213,PMOS,7nm
27.54745186884098,,NMOS,7nm
19.225498336747215,22.25574314340132,NMOS,7nm
6.248012805539174,6.2940970294054255,NMOS,7nm
11.938983621004434,16.152272120359378,PMOS,7nm
16.567328997388945,17.00329095301663,PMOS,7nm
24.28263240302467,22.396687028941628,NMOS,7nm
10.09807805914286,9.47461326130078,PMOS,7nm
4.2048127351140785,5.3610910572837005,NMOS,7nm
24.607471029808753,23.990047173004438,NMOS,7nm
3.6469236169206267,6.897125236011253,NMOS,7nm
27.389571599487734,,PMOS,7nm
15.898627503384688,17.26490579843611,NMOS,7nm
7.290283506373977,8.477094391464304,PMOS,7nm
15.60726467505445,17.965412262589812,NMOS,7nm
22.005625511662103,21.339617017909113,PMOS,7nm
27.98318209428802,25.248803574583622,NMOS,7nm
23.813380748116415,23.54407373261847,PMOS,7nm
8.74555964810283,12.761875727914383,PMOS,7nm
12.031835349504613,16.018699748100584,NMOS,7nm
20.036702882513985,23.16896607064395,NMOS,7nm
6.752770315059685,7.379922375476458,NMOS,7nm
3.837719418621739,3.7427509421318477,NMOS,7nm
29.714499615842396,,NMOS,7nm
14.122937241002022,14.410727419169245,NMOS,7nm
22.677342073747507,22.837687383197668,PMOS,7nm
20.319829672290048,23.983237906863355,PMOS,7nm
0.46918668854610046,4.981874433643437,PMOS,7nm
29.113990947428523,27.392829702917922,PMOS,7nm
24.857537984735604,,PMOS,7nm
8.314142879645129,8.63550253133456,NMOS,7nm
3.8480508822983372,7.120095825589738,PMOS,7nm
20.567941947490414,22.520714657023493,PMOS,7nm
3.590268783129228,8.153703421890938,NMOS,7nm
28.532582828098853,25.971643612846425,PMOS,7nm
13.59915598749607,17.0858418353883,NMOS,7nm
14.272879145529686,22.921928644836484,PMOS,7nm
21.42916148693065,22.755224715364367,PMOS,7nm
0.22319575510770906,0.9747283406595108,NMOS,7nm
29.509253093572866,,NMOS,7nm
5.285973761668503,5.741224778484958,NMOS,7nm
23.635775662993378,24.063878956057852,NMOS,7nm
14.499570520340333,16.787133344191158,PMOS,7nm
7.206237050561742,7.241180546779375,PMOS,7nm
7.710660658712594,12.51759503224963,PMOS,7nm
25.170680643548184,24.098471750950466,NMOS,7nm
2.298368993239447,7.057043355000133,PMOS,7nm
25.90464231869774,26.93208047588725,NMOS,7nm
0.7588620016965519,2.259244923426401,NMOS,7nm
22.619763200258895,22.58931071517388,PMOS,7nm
3.5099331826064617,6.813966272604334,PMOS,7nm
